-- CREATE DATABASE "IMDB-SAMPLE"
-- DROP TABLE actors,directors,directors_genres,movies,movies_directors,movies_genres,roles

create table actors (
    id int PRIMARY KEY,
    first_name VARCHAR(80),
    last_name VARCHAR(80),
    gender VARCHAR(10)   
);
create table directors (
    id INT PRIMARY KEY,
    first_name VARCHAR(80),
    last_name VARCHAR(80)
);

create table directors_genres (
    director_id INT,
    genre VARCHAR(80),
    prob DECIMAL(10,9)
);

create table movies (
    id INT PRIMARY KEY,
    name VARCHAR(80),
    year INT,
    rank DECIMAL(10,2)
);

create table movies_directors (
    director_id INT,
    movie_id INT
);

create table movies_genres (
    movie_id INT ,
    genre VARCHAR(80)
);
create table roles (
    actor_id INT ,
    movie_id INT,
    role VARCHAR(80)
);

INSERT INTO actors VALUES 
    (10963,"Chris","Anastasio", "M"),
    (32638,"Michael","Beach", "M"),
    (33949,"John","Bedford Lloyd", "M"),
    (42278,"Michael","Biehn", "M"),
    (57051,"Captain Kidd","Brewer Jr.", "M"),
    (64610,"Leo","Burmester", "M"),
    (69977,"Mike (I)","Cameron", "M"),
    (70419,"J. Kenneth","Campbell", "M"),
    (81503,"Michael (I)","Chapman", "M"),
    (108530,"Phillip","Darlington", "M"),
    (130508,"Thomas F.","Duffy", "M"),
    (138073,"Chris (I)","Elliott", "M"),
    (145064,"Joe","Farago", "M"),
    (181264,"Todd","Graff", "M"),
    (197929,"Ed (I)","Harris", "M"),
    (223068,"Tom","Isbell", "M"),
    (228850,"Ken (I)","Jenkins", "M"),
    (250810,"George Robert","Klek", "M"),
    (281620,"Frank (II)","Lloyd", "M"),
    (334067,"Marcus K.","Mukai", "M"),
    (335612,"Christopher (I)","Murphy", "M"),
    (341916,"Adam (I)","Nelson", "M"),
    (342314,"Joseph C.","Nemec III", "M"),
    (386373,"J.C.","Quinn", "M"),
    (391009,"Peter","Ratray", "M"),
    (459752,"Brad","Sullivan", "M"),
    (502273,"Dick","Warlock", "M"),
    (504906,"Jimmie Ray","Weeks", "M"),
    (514734,"William","Wisher Jr.", "M"),
    (589318,"Paula","Cross", "F"),
    (636502,"Wendy","Gordon", "F"),
    (712889,"Mary Elizabeth","Mastrantonio", "F"),
    (785706,"Kimberly (I)","Scott", "F"),
    (840493,"Emily","Yancy", "F"),
    (16844,"William (I)","Armstrong", "M"),
    (36641,"Jay (I)","Benedict", "M"),
    (144260,"Blain","Fairman", "M"),
    (204493,"Christopher","Henn", "M"),
    (204719,"Lance","Henriksen", "M"),
    (213646,"William","Hope", "M"),
    (240277,"Daniel","Kash", "M"),
    (272557,"John","Lees", "M"),
    (305705,"Al","Matthews", "M"),
    (306790,"Paul (I)","Maxwell", "M"),
    (310030,"Mac (I)","McDonald", "M"),
    (366173,"Bill","Paxton", "M"),
    (378476,"Alan","Polonsky", "M"),
    (394516,"Paul","Reiser", "M"),
    (405572,"Mark","Rolston", "M"),
    (408215,"Ricco","Ross", "M"),
    (452549,"Trevor","Steedman", "M"),
    (474375,"Tip","Tipping", "M"),
    (476429,"Carl","Toop", "M"),
    (583693,"Barbara","Coles", "F"),
    (583735,"Valerie","Colgan", "F"),
    (596318,"Holly","De Jong", "F"),
    (635153,"Jenette","Goldstein", "F"),
    (651551,"Carrie","Henn", "F"),
    (653997,"Colette","Hiller", "F"),
    (661430,"Elizabeth","Inglis", "F"),
    (748340,"Alibe","Parsons", "F"),
    (785581,"Cynthia Dale","Scott", "F"),
    (831289,"Sigourney","Weaver", "F"),
    (69940,"James (I)","Cameron", "M"),
    (128257,"Richard","Doyle", "M"),
    (137802,"Bob","Elkins", "M"),
    (185164,"Fred","Griffith", "M"),
    (232844,"Dean (VII)","Jones", "M"),
    (259373,"Karl (II)","Kuhn", "M"),
    (285456,"Curt","Lowens", "M"),
    (428322,"Ty","Sears", "M"),
    (432055,"Chris","Shafer", "M"),
    (452552,"Heinz","Steeg", "M"),
    (460992,"Blake","Sutton", "M"),
    (505504,"Walter","Weintz", "M"),
    (518333,"Kai","Wulff", "M"),
    (933,"Lewis","Abernathy", "M"),
    (16963,"Charlie","Arneson", "M"),
    (24256,"Jesse (II)","Baker", "M"),
    (24288,"Justin (II)","Baker", "M"),
    (58357,"Dr. John","Broadwater", "M"),
    (61439,"John (I)","Bruno", "M"),
    (83459,"Genya","Chernaiev", "M"),
    (126295,"John (I)","Donovan", "M"),
    (152244,"Aaron C.","Fitzgerald", "M"),
    (188927,"Piper","Gunnarson", "M"),
    (227895,"Corey","Jaskolski", "M"),
    (247406,"Thomas","Kilroy", "M"),
    (271226,"Jeffrey N.","Ledda", "M"),
    (288312,"Don (II)","Lynch", "M"),
    (300455,"Ken","Marschall", "M"),
    (346051,"Victor","Nischeta", "M"),
    (358828,"Vince","Pace", "M"),
    (365476,"Jason (II)","Paul", "M"),
    (367826,"Charles (I)","Pellegrino", "M"),
    (414913,"Dr. Anatoly M.","Sagalevitch", "M"),
    (424651,"Eric","Schmitz", "M"),
    (433468,"Justin","Shaw", "M"),
    (510823,"Miguel","Wilkins", "M"),
    (523925,"Federico","Zambrano", "M"),
    (649578,"Stacey","Hayes", "F"),
    (667425,"Dr. Lori","Johnston", "F"),
    (758870,"Judy","Prestininzi", "F"),
    (768452,"Dale (II)","Ridge", "F"),
    (794639,"Tava","Smiley", "F"),
    (809044,"Janace","Tashjian", "F"),
    (819988,"Adriana","Valdez", "F"),
    (91252,"Phil","Colby", "M"),
    (116418,"Gaetano","Del Grande", "M"),
    (129406,"Paul","Drummond", "M"),
    (175604,"Ancile","Gloudon", "M"),
    (176935,"Ricky Paull","Goldin", "M"),
    (223545,"Paul","Issa", "M"),
    (258459,"Lee","Krug", "M"),
    (297529,"Steve","Marachuk", "M"),
    (359763,"Jim","Pair", "M"),
    (388685,"Johnny","Ralston", "M"),
    (398113,"Ted","Richert", "M"),
    (407927,"Arnie","Ross", "M"),
    (418091,"Albert (I)","Sanders", "M"),
    (508939,"Ward","White", "M"),
    (521874,"Aston S.","Young", "M"),
    (551641,"Tracey","Berg", "F"),
    (590307,"Dorothy","Cunningham", "F"),
    (594608,"Carole (I)","Davis", "F"),
    (638349,"Leslie (I)","Graves", "F"),
    (643627,"Connie Lynn","Hadden", "F"),
    (705207,"Hildy","Magnasun", "F"),
    (707687,"Jan Eisner","Mannon", "F"),
    (741046,"Tricia","O'Neil", "F"),
    (756625,"Anne","Pollack", "F"),
    (767575,"Sally","Ricca", "F"),
    (832066,"Myra","Weisler", "F"),
    (47595,"Earl","Boen", "M"),
    (103007,"Jim","Cummings", "M"),
    (162232,"Edward","Furlong", "M"),
    (257870,"Mark","Kriski", "M"),
    (364956,"Robert (I)","Patrick", "M"),
    (426628,"Arnold","Schwarzenegger", "M"),
    (645256,"Linda (I)","Hamilton", "F"),
    (450,"Dalton","Abbott", "M"),
    (17037,"Bret A.","Arnold", "M"),
    (39044,"Xander","Berkeley", "M"),
    (39129,"Ennalls","Berl", "M"),
    (59799,"Charles Robert","Brown", "M"),
    (82660,"Casey","Chavez", "M"),
    (95086,"Danny","Cooksey", "M"),
    (135826,"Michael (I)","Edwards", "M"),
    (137207,"Abdul Salaam","El Razzac", "M"),
    (142921,"Terrence","Evans", "M"),
    (172134,"Ken","Gibbel", "M"),
    (187569,"Castulo","Guerra", "M"),
    (233988,"J. Rob","Jordan", "M"),
    (255881,"Pat","Kouri", "M"),
    (263765,"Don","Lake", "M"),
    (269396,"Mark Christopher","Lawrence", "M"),
    (279903,"Van","Ling", "M"),
    (284866,"Jared","Lounsbery", "M"),
    (288301,"Colin Patrick","Lynch", "M"),
    (310084,"Tom (I)","McDonald", "M"),
    (332070,"Joe","Morton", "M"),
    (336379,"Mike","Muscat", "M"),
    (346378,"DeVaughn","Nixon", "M"),
    (347730,"Dean","Norris", "M"),
    (360529,"Jim (I)","Palmer", "M"),
    (374220,"Denney","Pierce", "M"),
    (425673,"Peter","Schrum", "M"),
    (433531,"Scott (I)","Shaw", "M"),
    (439561,"Tony","Simotes", "M"),
    (451689,"Dan","Stanton", "M"),
    (451692,"Don","Stanton", "M"),
    (465636,"Charles A.","Tamburro", "M"),
    (493307,"Richard","Vidan", "M"),
    (510502,"Shane","Wilder", "M"),
    (511606,"Gerard G.","Williams", "M"),
    (514131,"Robert","Winley", "M"),
    (522268,"Ron (I)","Young", "M"),
    (563244,"Lisa","Brinegar", "F"),
    (588077,"Nikki","Cox", "F"),
    (597793,"Gwenda","Deacon", "F"),
    (608796,"Na'loni","Durden", "F"),
    (614721,"Noel","Evangelisti", "F"),
    (620255,"Nancy","Fish", "F"),
    (645152,"Leslie","Hamilton Gearren", "F"),
    (720259,"S. Epatha","Merkerson", "F"),
    (771500,"Diane","Rodriguez", "F"),
    (828805,"Misty Jo","Walker", "F"),
    (58045,"John E.","Bristol", "M"),
    (92891,"Franco","Columbu", "M"),
    (124873,"Ed","Dogans", "M"),
    (132356,"John","Durban", "M"),
    (145889,"Hugh","Farrington", "M"),
    (160251,"Norman","Friedman", "M"),
    (160622,"Ken (I)","Fritz", "M"),
    (179526,"Philip (I)","Gordon", "M"),
    (236878,"Al","Kahn", "M"),
    (245075,"Bruce M.","Kerner", "M"),
    (321383,"Dick (I)","Miller", "M"),
    (323583,"Tony","Mirelez", "M"),
    (331400,"Leslie (I)","Morris", "M"),
    (351978,"Tom","Oberhaus", "M"),
    (374217,"David (II)","Pierce", "M"),
    (375423,"Patrick","Pinney", "M"),
    (388681,"James","Ralston", "M"),
    (392215,"Brad","Rearden", "M"),
    (398193,"Bill W.","Richmond", "M"),
    (401041,"Gregory","Robbins", "M"),
    (408622,"Rick","Rossovich", "M"),
    (456639,"Wayne","Stone", "M"),
    (472024,"Brian (I)","Thompson", "M"),
    (480252,"Anthony","Trujillo", "M"),
    (511368,"Chino 'Fats'","Williams", "M"),
    (512349,"Webster","Williams", "M"),
    (513935,"Paul","Winfield", "M"),
    (519450,"Stan","Yale", "M"),
    (624665,"Loree","Frazier", "F"),
    (659683,"Hettie Lynne","Hurtes", "F"),
    (718489,"Harriet","Medin", "F"),
    (730105,"Bess","Motta", "F"),
    (730692,"Marianne","Muellerleile", "F"),
    (758221,"Barbara","Powers", "F"),
    (783346,"Shawn","Schepps", "F"),
    (2898,"Seth (I)","Adkins", "M"),
    (11865,"Scott G.","Anderson", "M"),
    (12043,"Kris","Andersson", "M"),
    (18638,"Richard (II)","Ashton", "M"),
    (29603,"Jason","Barry", "M"),
    (54608,"Eric","Braeden", "M"),
    (57665,"Paul","Brightwell", "M"),
    (66328,"Mike","Butters", "M"),
    (66776,"Chris (I)","Byrne", "M"),
    (70744,"Bruno","Campolo", "M"),
    (72215,"Mark","Capri", "M"),
    (76228,"Nicholas","Cascone", "M"),
    (76443,"Aaron James","Cash", "M"),
    (76653,"Marc","Cass", "M"),
    (81499,"Mark Lindsay","Chapman", "M"),
    (93883,"Brendan","Connolly", "M"),
    (95037,"Gregory (I)","Cooke", "M"),
    (99597,"Chris","Cragnotti", "M"),
    (99941,"Simon (I)","Crane", "M"),
    (101233,"David","Cronnelly", "M"),
    (118569,"Barry","Dennen", "M"),
    (121758,"Leonardo","DiCaprio", "M"),
    (125676,"Ron","Donachie", "M"),
    (130426,"Shay","Duffin", "M"),
    (134352,"Martin","East", "M"),
    (138312,"Greg (II)","Ellis", "M"),
    (140049,"Michael","Ensign", "M"),
    (142962,"Jonathan","Evans-Jones", "M"),
    (144555,"Anders (I)","Falk", "M"),
    (153207,"Edward","Fletcher", "M"),
    (155472,"Terry","Forestal", "M"),
    (155930,"Edmund Alan","Forsyth", "M"),
    (156939,"Bernard (I)","Fox", "M"),
    (157096,"Richard (I)","Fox", "M"),
    (157680,"Romeo","Francis", "M"),
    (162721,"Thomas","Füri", "M"),
    (165721,"Victor","Garber", "M"),
    (167468,"James (IV)","Garrett", "M"),
    (172669,"Werner","Giger", "M"),
    (181486,"Richard (I)","Graham", "M"),
    (186652,"Ioan","Gruffudd", "M"),
    (199768,"Lorenz","Hasler", "M"),
    (205287,"Paul (IV)","Herbert", "M"),
    (208287,"Bernard","Hill", "M"),
    (209729,"Scott","Hislop", "M"),
    (211832,"Erik","Holland", "M"),
    (216473,"Martin","Hub", "M"),
    (219643,"Jonathan","Hyde", "M"),
    (226351,"Emmett","James", "M"),
    (227836,"Martin","Jarvis", "M"),
    (230528,"Rudy","Joffroy", "M"),
    (243306,"Craig (II)","Kelly", "M"),
    (244575,"Tony (I)","Kenny", "M"),
    (248904,"Jari (I)","Kinnunen", "M"),
    (263645,"Martin (I)","Laing", "M"),
    (264813,"James","Lancaster", "M"),
    (270444,"Derek","Lea", "M"),
    (283561,"Shep","Lonsdale", "M"),
    (301563,"Johnny (I)","Martin", "M"),
    (307547,"Stan","Mazin", "M"),
    (313916,"Nick","Meaney", "M"),
    (335829,"Patrick (IV)","Murphy", "M"),
    (342443,"Sean","Nepita", "M"),
    (348858,"Danny","Nucci", "M"),
    (351253,"Mike (II)","O'Neal", "M"),
    (354484,"Bjørn (I)","Olsen", "M"),
    (358426,"Kevin","Owers", "M"),
    (359448,"Oliver","Page", "M"),
    (360793,"Lew","Palter", "M"),
    (372149,"Dan (I)","Pettersson", "M"),
    (373241,"Jonathan (I)","Phillips", "M"),
    (444656,"Stephen Wolfe","Smith", "M"),
    (455151,"Ewan (I)","Stewart", "M"),
    (462918,"Béla","Szedlák", "M"),
    (462919,"Ferenc","Szedlák", "M"),
    (468177,"Rocky (I)","Taylor", "M"),
    (471961,"Reece P.","Thompson III", "M"),
    (480062,"R. Gern","Trowbridge", "M"),
    (480247,"Mark Rafael","Truitt", "M"),
    (481840,"Liam","Tuohy", "M"),
    (482854,"Stephen","Twigger", "M"),
    (484826,"Vern","Urich", "M"),
    (497962,"Francisco","Váldez", "M"),
    (499298,"John","Walcutt", "M"),
    (500666,"Brian (II)","Walsh", "M"),
    (502344,"David (I)","Warner", "M"),
    (505031,"Stephen","Wehmeyer", "M"),
    (513645,"Garth","Wilton", "M"),
    (524132,"Billy","Zane", "M"),
    (534915,"Suzy","Amis", "F"),
    (541702,"Rosalind","Ayres", "F"),
    (547276,"Bobbie","Bates", "F"),
    (547303,"Kathy (I)","Bates", "F"),
    (560216,"Dawn M.","Bourn", "F"),
    (560719,"Alexandra","Boyd", "F"),
    (562717,"Fannie","Brett", "F"),
    (578075,"Charlotte","Chatton", "F"),
    (608339,"Kathleen S.","Dunn", "F"),
    (620301,"Frances (I)","Fisher", "F"),
    (621016,"Anne","Fletcher", "F"),
    (627384,"Amy","Gaipa", "F"),
    (629712,"Aimee Amanda","Garten", "F"),
    (629713,"Jo Lynn","Garten", "F"),
    (653279,"Andie","Hicks", "F"),
    (659281,"Samantha","Hunt", "F"),
    (675117,"Linda","Kerns", "F"),
    (678541,"Rebecca","Klingler", "F"),
    (687048,"Laramie","Landis", "F"),
    (709423,"Mandana","Marino", "F"),
    (728576,"Diana (II)","Morgan", "F"),
    (740170,"Ellen","O'Brien", "F"),
    (744930,"Camilla","Overbye Roos", "F"),
    (745079,"Alexandrea","Owens", "F"),
    (763718,"Lisa","Ratzin", "F"),
    (763862,"Elsa","Raven", "F"),
    (766230,"Julene","Renee", "F"),
    (773658,"Rochelle","Rose", "F"),
    (803835,"Gloria","Stuart", "F"),
    (827985,"Alison","Waddell", "F"),
    (827986,"Amber","Waddell", "F"),
    (837199,"Kate","Winslet", "F"),
    (4961,"Mike","Akrawi", "M"),
    (7991,"James (IV)","Allen", "M"),
    (17191,"Tom (I)","Arnold", "M"),
    (29743,"Paul","Barselou", "M"),
    (99596,"Charles","Cragin", "M"),
    (127182,"Scott","Dotson", "M"),
    (163705,"Uzi","Gal", "M"),
    (206867,"Grant","Heslov", "M"),
    (207002,"Charlton","Heston", "M"),
    (220569,"Majed","Ibrahim", "M"),
    (258898,"Armen","Ksajikian", "M"),
    (294609,"Art","Malik", "M"),
    (295961,"Marshall","Manesh", "M"),
    (298368,"Louai","Mardini", "M"),
    (346027,"Andre","Nirmel", "M"),
    (362022,"Jean-Claude","Parachini", "M"),
    (362418,"Erik","Parillo", "M"),
    (370282,"Manuel","Perry", "M"),
    (373813,"Charlie (I)","Picerni", "M"),
    (391197,"Dieter","Rauter", "M"),
    (416883,"Gino","Salvano", "M"),
    (417399,"Ofer","Samra", "M"),
    (573294,"Tia","Carrere", "F"),
    (577530,"Katsy","Chappell", "F"),
    (590629,"Jamie Lee","Curtis", "F"),
    (598141,"Mary A.","DeBriae", "F"),
    (608999,"Eliza","Dushku", "F"),
    (729268,"Jane (I)","Morris", "F"),
    (839732,"Crystina","Wyler", "F"),
    (819133,"Margaret","Undiel", "F"),
    (10651,"Martin","Amor", "M"),
    (18544,"John (III)","Ashley", "M"),
    (33046,"Robert (I)","Beatty", "M"),
    (33492,"Glenn","Beck", "M"),
    (35269,"Jimmy","Bell", "M"),
    (43766,"Ed (I)","Bishop", "M"),
    (81735,"David","Charkham", "M"),
    (89366,"John (I)","Clifford", "M"),
    (110691,"Simon (I)","Davis", "M"),
    (110901,"Jonathan","Daw", "M"),
    (117597,"Péter","Delmár", "M"),
    (130668,"Terry (I)","Duggan", "M"),
    (130919,"Keir","Dullea", "M"),
    (152930,"David (II)","Fleetwood", "M"),
    (172616,"Alan","Gifford", "M"),
    (186410,"Danny","Grover", "M"),
    (200989,"Brian (I)","Hawley", "M"),
    (209041,"David (I)","Hines", "M"),
    (225060,"Tony (I)","Jackson", "M"),
    (234019,"John (X)","Jordan", "M"),
    (244025,"Kenneth","Kendall", "M"),
    (282170,"Gary","Lockwood", "M"),
    (285138,"Mike","Lovell", "M"),
    (290958,"Scott","MacKee", "M"),
    (297912,"Laurence","Marchant", "M"),
    (321439,"Frank (I)","Miller", "M"),
    (359269,"Darryl","Paes", "M"),
    (388177,"Douglas","Rain", "M"),
    (393452,"Joe","Refalo", "M"),
    (398261,"Daniel (I)","Richter", "M"),
    (408577,"Leonard","Rossiter", "M"),
    (427619,"Kevin (I)","Scott", "M"),
    (459935,"Sean (I)","Sullivan", "M"),
    (462236,"John","Swindells", "M"),
    (462532,"William","Sylvester", "M"),
    (481290,"Burnell","Tucker", "M"),
    (500110,"Andy (I)","Wallace", "M"),
    (507612,"Bill (I)","Weston", "M"),
    (513676,"Bob","Wilyman", "M"),
    (517018,"Richard (II)","Woods", "M"),
    (556737,"Sheraton","Blount", "F"),
    (559266,"Ann","Bormann", "F"),
    (561464,"Penny","Brahms", "F"),
    (573464,"Edwina","Carroll", "F"),
    (589087,"Julie","Croft", "F"),
    (606054,"Heather","Downham", "F"),
    (623949,"Penny","Francis", "F"),
    (633066,"Ann (I)","Gillis", "F"),
    (649736,"Jane","Hayward", "F"),
    (683135,"Vivian","Kubrick", "F"),
    (709642,"Marcella","Markham", "F"),
    (710214,"Krystyna","Marr", "F"),
    (735076,"Kim","Neil", "F"),
    (750078,"Jane","Pearl", "F"),
    (750089,"Penny","Pearl", "F"),
    (818459,"Margaret","Tyzack", "F"),
    (39086,"Steven","Berkoff", "M"),
    (43127,"John","Bindon", "M"),
    (50074,"Roger","Booth", "M"),
    (53692,"Billy","Boyle", "M"),
    (78776,"Jonathan","Cecil", "M"),
    (79048,"Peter","Cellier", "M"),
    (82337,"Geoffrey","Chater", "M"),
    (110921,"Anthony","Dawes", "M"),
    (111031,"Patrick","Dawson", "M"),
    (205176,"Bernard","Hepton", "M"),
    (206431,"Anthony","Herrick", "M"),
    (213908,"Michael","Hordern", "M"),
    (224581,"Barry (I)","Jackson", "M"),
    (236863,"Wolf","Kahler", "M"),
    (258862,"Hardy","Krüger", "M"),
    (263045,"Patrick","Laffan", "M"),
    (292390,"Patrick (I)","Magee", "M"),
    (307261,"Ferdy","Mayne", "M"),
    (315871,"Murray","Melvin", "M"),
    (318503,"Hans (I)","Meyer", "M"),
    (319779,"Frank","Middlemass", "M"),
    (329794,"André","Morell", "M"),
    (330937,"David","Morley", "M"),
    (351264,"Ryan","O'Neal", "M"),
    (351681,"Arthur","O'Sullivan", "M"),
    (386178,"Godfrey","Quigley", "M"),
    (392783,"Liam","Redmond", "M"),
    (400860,"Pat","Roach", "M"),
    (421372,"Dominic","Savage", "M"),
    (423761,"Frederick","Schiller", "M"),
    (431642,"George","Sewell", "M"),
    (433046,"Anthony","Sharp", "M"),
    (433086,"John (I)","Sharp", "M"),
    (449193,"Roy","Spencer", "M"),
    (456570,"Philip (I)","Stone", "M"),
    (459849,"John (I)","Sullivan", "M"),
    (467844,"Gary (II)","Taylor", "M"),
    (477807,"Harry","Towb", "M"),
    (495397,"Leon","Vitali", "M"),
    (551488,"Marisa","Berenson", "F"),
    (645202,"Gay","Hamilton", "F"),
    (673249,"Marie","Kean", "F"),
    (684623,"Diana","Körner", "F"),
    (31234,"Michael (I)","Bates", "M"),
    (65405,"Peter","Burton", "M"),
    (70489,"Lindsay (I)","Campbell", "M"),
    (73946,"John J.","Carney", "M"),
    (88544,"Warren","Clarke", "M"),
    (89519,"John","Clive", "M"),
    (93696,"Richard","Connaught", "M"),
    (95089,"Barrie","Cookson", "M"),
    (130329,"Carl","Duering", "M"),
    (145816,"Paul (I)","Farrell", "M"),
    (157057,"Lee","Fox", "M"),
    (157573,"Clive","Francis", "M"),
    (180761,"Michael","Gover", "M"),
    (208928,"Heinrich","Himmler", "M"),
    (209799,"Adolf","Hitler", "M"),
    (218405,"Craig (I)","Hunter", "M"),
    (287974,"Viktor","Lutze", "M"),
    (298288,"James (II)","Marcus", "M"),
    (310213,"Malcolm","McDowell", "M"),
    (331189,"Aubrey","Morris", "M"),
    (350799,"George","O'Gorman", "M"),
    (383596,"David","Prowse", "M"),
    (421615,"John","Savident", "M"),
    (466779,"Michael","Tarn", "M"),
    (513394,"Neil (I)","Wilson", "M"),
    (529804,"Jan","Adair", "F"),
    (564580,"Gaye","Brown", "F"),
    (577143,"Vivienne","Chandler", "F"),
    (586737,"Adrienne","Corri", "F"),
    (606245,"Prudence","Drage", "F"),
    (606720,"Carol","Drinkwater", "F"),
    (640907,"Cheryl","Grunwald", "F"),
    (654069,"Gillian","Hills", "F"),
    (663573,"Shirley","Jaffe", "F"),
    (671758,"Miriam","Karlin", "F"),
    (764299,"Sheila","Raynor", "F"),
    (777198,"Madge","Ryan", "F"),
    (785548,"Barbara (V)","Scott", "F"),
    (809779,"Pauline (I)","Taylor", "F"),
    (833428,"Virginia","Wetherell", "F"),
    (839709,"Katya","Wyeth", "F"),
    (75587,"Vincent","Cartier", "M"),
    (75588,"Walter","Cartier", "M"),
    (135670,"Douglas (I)","Edwards", "M"),
    (152958,"Nate","Fleischer", "M"),
    (226249,"Bobby (II)","James", "M"),
    (259066,"Stanley","Kubrick", "M"),
    (440126,"Alexander","Singer", "M"),
    (792995,"Judy (I)","Singer", "F"),
    (40172,"Frank (I)","Berry", "M"),
    (63409,"Peter (I)","Bull", "M"),
    (100404,"Jack","Creley", "M"),
    (164035,"Hal","Galili", "M"),
    (201256,"Sterling","Hayden", "M"),
    (205401,"Laurence","Herder", "M"),
    (233082,"James Earl","Jones", "M"),
    (308556,"John (I)","McCarthy", "M"),
    (351321,"Robert (I)","O'Neil", "M"),
    (373935,"Slim (I)","Pickens", "M"),
    (399367,"Shane","Rimmer", "M"),
    (427460,"George C.","Scott", "M"),
    (429719,"Peter","Sellers", "M"),
    (453983,"Roy","Stephens", "M"),
    (465553,"Paul","Tamarin", "M"),
    (466257,"Gordon (II)","Tanner", "M"),
    (518686,"Keenan","Wynn", "M"),
    (764987,"Tracy (II)","Reed", "F"),
    (13279,"Colin","Angus", "M"),
    (37627,"Peter (III)","Benson", "M"),
    (88365,"Christian (II)","Clarke", "M"),
    (93702,"Kevin","Connealy", "M"),
    (94781,"Brian W.","Cook", "M"),
    (101879,"Tom","Cruise", "M"),
    (102958,"Alan","Cumming", "M"),
    (104692,"Emilio","D'Alessandro", "M"),
    (109877,"Phil (IV)","Davies", "M"),
    (114088,"Ben","De Saumserez", "M"),
    (117903,"James","Demaria", "M"),
    (119566,"Anthony","Desergio", "M"),
    (127583,"Sam (I)","Douglas", "M"),
    (127777,"Michael","Doven", "M"),
    (131110,"Sky","Dumont", "M"),
    (142332,"Treva","Etienne", "M"),
    (149979,"Todd","Field", "M"),
    (172461,"Thomas (I)","Gibson", "M"),
    (175890,"Gary","Goba", "M"),
    (176266,"Peter (I)","Godwin", "M"),
    (205014,"Lee","Henshaw", "M"),
    (210176,"Alex","Hobbs", "M"),
    (220892,"Togo","Igawa", "M"),
    (260733,"Eiji","Kusuhara", "M"),
    (277792,"Adam","Lias", "M"),
    (290708,"Angus","MacInnes", "M"),
    (362250,"Chris","Pare", "M"),
    (365531,"Randall","Paul", "M"),
    (370217,"Gavin","Perry", "M"),
    (378271,"Sydney","Pollack", "M"),
    (384073,"Adam","Pudney", "M"),
    (405530,"Dan","Rollman", "M"),
    (430641,"Rade","Serbedzija", "M"),
    (448978,"Paul","Spelling", "M"),
    (472331,"Matthew (II)","Thompson", "M"),
    (478574,"Dan","Travers", "M"),
    (479388,"Russell","Trigg", "M"),
    (508334,"Kyle","Whitcombe", "M"),
    (513864,"Florian","Windorfer", "M"),
    (539877,"Karla","Ashley", "F"),
    (573883,"Heather","Carter-Drake", "F"),
    (577756,"Kathryn","Charman", "F"),
    (594783,"Julienne","Davis", "F"),
    (602507,"Janie","Dickens", "F"),
    (604337,"Cindy","Dolenc", "F"),
    (611037,"Madison","Eginton", "F"),
    (615217,"Donna","Ewin", "F"),
    (616025,"Laura","Fallace", "F"),
    (617848,"Vanessa (II)","Fenton", "F"),
    (619666,"Georgina","Finch", "F"),
    (635912,"Abigail","Good", "F"),
    (645973,"Tres","Hanley", "F"),
    (649487,"Clark (I)","Hayes", "F"),
    (650090,"Joanna","Heath", "F"),
    (653067,"Mariana","Hewett", "F"),
    (675927,"Nicole","Kidman", "F"),
    (683132,"Christiane","Kubrick", "F"),
    (683134,"Katharina","Kubrick", "F"),
    (693690,"Lisa (I)","Leone", "F"),
    (700691,"Leslie","Lowe", "F"),
    (709994,"Carmela","Marner", "F"),
    (712865,"Fay","Masterson", "F"),
    (757084,"Ateeka","Poole", "F"),
    (761200,"Sharon","Quinn", "F"),
    (768088,"Marie","Richardson", "F"),
    (782497,"Jackie","Sawiris", "F"),
    (788960,"Emma Lou","Sharratt", "F"),
    (789192,"Vinessa","Shaw", "F"),
    (796007,"Leelee","Sobieski", "F"),
    (809699,"Louise J.","Taylor", "F"),
    (812607,"Stewart","Thorndike", "F"),
    (833537,"Kate","Whalin", "F"),
    (7872,"David (IX)","Allen", "M"),
    (91059,"Stephen","Coit", "M"),
    (197444,"Kenneth","Harp", "M"),
    (307631,"Paul","Mazursky", "M"),
    (438416,"Frank","Silvera", "M"),
    (692929,"Virginia","Leith", "F"),
    (209787,"Bob (II)","Hite", "M"),
    (450798,"Fred","Stadmueller", "M"),
    (2397,"Martin (I)","Adams", "M"),
    (5871,"Kevin","Albridge", "M"),
    (11483,"Del","Anderson", "M"),
    (23587,"Philip","Bailey", "M"),
    (25000,"Adam","Baldwin", "M"),
    (28036,"Louis","Barlotti", "M"),
    (33920,"John","Beddows", "M"),
    (37048,"Patrick","Benn", "M"),
    (46980,"Bruce","Boa", "M"),
    (51909,"Steve","Boucher", "M"),
    (65610,"Adrian","Bush", "M"),
    (73009,"Tony (II)","Carey", "M"),
    (82885,"Gary","Cheeseman", "M"),
    (84498,"Costas Dino","Chimona", "M"),
    (88311,"Wayne (I)","Clark", "M"),
    (91262,"Tim","Colceri", "M"),
    (96626,"Chris","Cornibert", "M"),
    (96627,"Danny","Cornibert", "M"),
    (103836,"John (II)","Curtis", "M"),
    (104783,"Marcus","D'Amico", "M"),
    (105163,"Vincent (I)","D'Onofrio", "M"),
    (109795,"Harry (II)","Davies", "M"),
    (110386,"John (IV)","Davis", "M"),
    (111143,"Kevin (II)","Day", "M"),
    (131274,"Gordon","Duncan", "M"),
    (135439,"Peter","Edmund", "M"),
    (138603,"Phil","Elmer", "M"),
    (138841,"Colin","Elvis", "M"),
    (140869,"R. Lee","Ermey", "M"),
    (154493,"Hadrian","Follett", "M"),
    (157531,"Tan Hung","Francione", "M"),
    (158116,"Sean","Frank", "M"),
    (170357,"David (I)","George", "M"),
    (178992,"Brian","Goodwin", "M"),
    (180610,"Nigel","Goulding", "M"),
    (192157,"Tony","Hague", "M"),
    (195193,"Steve","Hands", "M"),
    (196997,"Dorian","Harewood", "M"),
    (197859,"Chris (I)","Harris", "M"),
    (198687,"Bob (II)","Hart", "M"),
    (198727,"Derek (II)","Hart", "M"),
    (201301,"Barry","Hayes", "M"),
    (201490,"Tony (II)","Hayes", "M"),
    (201936,"Kenneth","Head", "M"),
    (202517,"Robin","Hedgeland", "M"),
    (204833,"Duncan","Henry", "M"),
    (210579,"Keith","Hodiak", "M"),
    (211209,"Liam","Hogan", "M"),
    (211245,"Trevor","Hogan", "M"),
    (211261,"Luke","Hogdal", "M"),
    (215357,"Arliss","Howard", "M"),
    (215534,"Kevyn Major","Howard", "M"),
    (215643,"Tony","Howard", "M"),
    (216936,"Steve (II)","Hudson", "M"),
    (228364,"Kieron","Jecchinis", "M"),
    (254447,"Gil","Kopel", "M"),
    (264558,"Sean","Lamming", "M"),
    (265128,"Dan (I)","Landin", "M"),
    (272581,"Tony","Leete", "M"),
    (283927,"Sal","Lopez", "M"),
    (284721,"Nigel","Lough", "M"),
    (285408,"Terry (I)","Lowe", "M"),
    (307000,"Chris","Maybach", "M"),
    (308458,"Frank","McCardle", "M"),
    (317493,"Peter","Merrill", "M"),
    (318493,"Gary (I)","Meyer", "M"),
    (319786,"Brett","Middleton", "M"),
    (322263,"Gary Landon","Mills", "M"),
    (322448,"David (I)","Milner", "M"),
    (323110,"Sean","Minmagh", "M"),
    (323111,"Tony","Minmagh", "M"),
    (325263,"Matthew","Modine", "M"),
    (331636,"John (VIII)","Morrison", "M"),
    (332927,"Russell","Mott", "M"),
    (342634,"John","Ness", "M"),
    (344407,"Robert (V)","Nichols", "M"),
    (348031,"Herbert","Norville", "M"),
    (351565,"Ed","O'Ross", "M"),
    (360186,"David","Palffy", "M"),
    (370184,"David (I)","Perry", "M"),
    (373513,"Nguyen Hue","Phong", "M"),
    (406269,"Peter","Rommely", "M"),
    (418550,"Pat","Sands", "M"),
    (420532,"Jim","Sarup", "M"),
    (439592,"Al (I)","Simpson", "M"),
    (442258,"Russell","Slater", "M"),
    (443772,"Gary (I)","Smith", "M"),
    (444548,"Roger (VI)","Smith", "M"),
    (444747,"Tony (II)","Smith", "M"),
    (450874,"Jon","Stafford", "M"),
    (458996,"Anthony","Styliano", "M"),
    (464072,"Duc Hu","Ta", "M"),
    (468001,"Kirk","Taylor", "M"),
    (469867,"John (I)","Terry", "M"),
    (472006,"Bill (IV)","Thompson", "M"),
    (482081,"Mike","Turjansky", "M"),
    (482993,"Ian","Tyler", "M"),
    (506029,"Dan (I)","Weldon", "M"),
    (506265,"Dennis","Wells", "M"),
    (511949,"Michael (III)","Williams", "M"),
    (513249,"John (V)","Wilson", "M"),
    (515954,"John","Wonderling", "M"),
    (635367,"Laurie","Gomes", "F"),
    (656446,"Leanne","Hong", "F"),
    (690482,"Ngoc","Le", "F"),
    (796984,"Papillon","Soo", "F"),
    (2753,"Skippy","Adelman", "M"),
    (107156,"Mike (I)","Dana", "M"),
    (147229,"Arthur","Feldman", "M"),
    (162007,"Bill","Funaro", "M"),
    (227733,"Jerry","Jarret", "M"),
    (350108,"Shaun","O'Brien", "M"),
    (355874,"Felice","Orlandi", "M"),
    (401685,"Ralph (I)","Roberts", "M"),
    (410475,"Alec","Rubin", "M"),
    (443960,"Jamie (I)","Smith", "M"),
    (454948,"Phil","Stevenson", "M"),
    (490228,"David (I)","Vaughan", "M"),
    (561594,"Barbara","Brand", "F"),
    (670943,"Irene","Kane", "F"),
    (796029,"Ruth","Sobotka", "F"),
    (2949,"Jay","Adler", "M"),
    (36662,"William 'Billy'","Benedict", "M"),
    (71122,"Charles","Cane", "M"),
    (73002,"Timothy","Carey", "M"),
    (94748,"Elisha","Cook Jr.", "M"),
    (112053,"Ted","de Corsia", "M"),
    (135744,"James (I)","Edwards", "M"),
    (135921,"Vince","Edwards", "M"),
    (138317,"Herbert (I)","Ellis", "M"),
    (153433,"Jay C.","Flippen", "M"),
    (173683,"Art","Gilmore", "M"),
    (179947,"Sol","Gorss", "M"),
    (185181,"James (I)","Griffith", "M"),
    (261145,"Kola","Kwariani", "M"),
    (324376,"Steve (I)","Mitchell", "M"),
    (328560,"Hal J.","Moore", "M"),
    (393428,"Richard (I)","Reeves", "M"),
    (397677,"Frank (I)","Richards", "M"),
    (421893,"Joe","Sawyer", "M"),
    (482105,"Joe","Turkel", "M"),
    (497834,"Tito","Vuolo", "M"),
    (512106,"Robert (I)","Williams", "M"),
    (530012,"Dorothy","Adams", "F"),
    (573511,"Mary (I)","Carroll", "F"),
    (612055,"Cecil","Elliott", "F"),
    (638426,"Coleen","Gray", "F"),
    (836963,"Marie","Windsor", "F"),
    (7976,"Irvin","Allen", "M"),
    (55062,"Roland","Brand", "M"),
    (90262,"Gary","Cockrell", "M"),
    (103985,"Peter","Cushing", "M"),
    (133423,"James (I)","Dyrenforth", "M"),
    (183776,"Bill (I)","Greene", "M"),
    (198438,"John (VII)","Harrison", "M"),
    (247182,"Terry","Kilburn", "M"),
    (265390,"Eric (I)","Lane", "M"),
    (271543,"Christopher (I)","Lee", "M"),
    (279385,"Cec","Linder", "M"),
    (293607,"Colin","Maitland", "M"),
    (303906,"James (I)","Mason", "M"),
    (358119,"Robert C.","Overton", "M"),
    (417404,"Craig","Sams", "M"),
    (457044,"Jerry","Stovin", "M"),
    (502490,"C. Denier","Warren", "M"),
    (598240,"Diana","Decker", "F"),
    (605798,"Shirley","Douglas", "F"),
    (632299,"Susanne","Gibbs", "F"),
    (655488,"Maxine","Holden", "F"),
    (701079,"Isabelle","Lucas", "F"),
    (702877,"Sue","Lyon", "F"),
    (713189,"Marion","Mathie", "F"),
    (714240,"Lois","Maxwell", "F"),
    (790816,"Roberta","Shore", "F"),
    (802676,"Marianne","Stone", "F"),
    (837410,"Shelley","Winters", "F"),
    (11822,"Richard (I)","Anderson", "M"),
    (35214,"Fred","Bell", "M"),
    (36638,"Harold","Benedict", "M"),
    (57565,"Leon","Briggs", "M"),
    (67337,"Paul","Bös", "M"),
    (71871,"Peter","Capell", "M"),
    (121723,"Kem","Dibbs", "M"),
    (127515,"Kirk (I)","Douglas", "M"),
    (159149,"Bert","Freed", "M"),
    (160330,"Wally","Friedrichs", "M"),
    (196132,"Halder","Hanson", "M"),
    (198005,"James B.","Harris", "M"),
    (200578,"Jerry","Hausner", "M"),
    (256772,"Rolf","Kralovitz", "M"),
    (291501,"George","Macready", "M"),
    (314498,"Ralph","Meeker", "M"),
    (316559,"Adolphe","Menjou", "M"),
    (318477,"Emile","Meyer", "M"),
    (328569,"Ira","Moore", "M"),
    (331537,"Wayne (I)","Morris", "M"),
    (388222,"Marshall","Rainer", "M"),
    (453199,"John (I)","Stein", "M"),
    (485541,"Roger","Vagnoid", "M"),
    (211966,"Dan","Hollenbeck", "M"),
    (32161,"David","Baxt", "M"),
    (65437,"Tony (I)","Burton", "M"),
    (101532,"Scatman","Crothers", "M"),
    (168964,"Norman","Gay", "M"),
    (281601,"Danny","Lloyd", "M"),
    (341935,"Barry (I)","Nelson", "M"),
    (344454,"Jack","Nicholson", "M"),
    (392853,"Manning","Redwood", "M"),
    (549455,"Lia","Beldam", "F"),
    (567465,"Lisa (I)","Burns", "F"),
    (567466,"Louise (I)","Burns", "F"),
    (583685,"Alison","Coleridge", "F"),
    (609183,"Shelley","Duvall", "F"),
    (632333,"Billie","Gibson", "F"),
    (662905,"Anne","Jackson", "F"),
    (747261,"Robin","Pappas", "F"),
    (753642,"Kate","Phelps", "F"),
    (789514,"Jana","Sheldon", "F"),
    (31073,"Arthur","Batanides", "M"),
    (44648,"Bill (II)","Blackburn", "M"),
    (54507,"Buff","Brady", "M"),
    (58391,"Peter","Brocco", "M"),
    (63265,"Rudy","Bukich", "M"),
    (64809,"Bob (VII)","Burns", "M"),
    (64945,"Paul E.","Burns", "M"),
    (71744,"Joe","Canutt", "M"),
    (71745,"Tap","Canutt", "M"),
    (73734,"Al","Carmichael", "M"),
    (98633,"Chuck","Courtney", "M"),
    (100988,"Dick","Crockett", "M"),
    (103906,"Tony (I)","Curtis", "M"),
    (106501,"John","Dall", "M"),
    (113277,"Terence","de Marney", "M"),
    (118675,"Nick","Dennis", "M"),
    (131290,"Johnny","Duncan", "M"),
    (139557,"Roy","Engel", "M"),
    (145612,"Richard","Farnsworth", "M"),
    (168813,"John (I)","Gavin", "M"),
    (175059,"Seamon","Glass", "M"),
    (179004,"Harold (I)","Goodwin", "M"),
    (199295,"Harry","Harvey Jr.", "M"),
    (201016,"Joe","Haworth", "M"),
    (201022,"Vinton","Haworth", "M"),
    (201721,"Chuck (I)","Hayward", "M"),
    (214562,"Charles","Horvath", "M"),
    (216081,"John (I)","Hoyt", "M"),
    (222590,"John (I)","Ireland", "M"),
    (248067,"Aron","Kincaid", "M"),
    (258492,"Stubby","Kruger", "M"),
    (264368,"Paul (I)","Lambert", "M"),
    (268316,"Charles","Laughton", "M"),
    (282409,"Carey","Loftin", "M"),
    (282811,"Herbert","Lom", "M"),
    (287067,"Dayton","Lummis", "M"),
    (288617,"Cliff","Lyons", "M"),
    (311083,"Charles","McGraw", "M"),
    (324189,"Gordon (I)","Mitchell", "M"),
    (330244,"Bob (I)","Morgan", "M"),
    (330245,"Boyd 'Red'","Morgan", "M"),
    (354242,"Laurence","Olivier", "M"),
    (362896,"Eddie (I)","Parker", "M"),
    (363632,"Harvey","Parry", "M"),
    (363813,"Regis","Parton", "M"),
    (368411,"Leonard","Penn", "M"),
    (369626,"Gil","Perkins", "M"),
    (370058,"Vic","Perrin", "M"),
    (388308,"Bill","Raisch", "M"),
    (401160,"Chuck","Roberson", "M"),
    (402707,"George","Robotham", "M"),
    (421223,"Russell (II)","Saunders", "M"),
    (422745,"Charles (I)","Schaeffer", "M"),
    (428306,"Jim","Sears", "M"),
    (452742,"Tom (I)","Steele", "M"),
    (454955,"Robert (II)","Stevenson", "M"),
    (456479,"Harold (I)","Stone", "M"),
    (458043,"Woody","Strode", "M"),
    (469772,"Ken","Terrell", "M"),
    (485123,"Peter","Ustinov", "M"),
    (488449,"Dale","Van Sickel", "M"),
    (510708,"Robert J.","Wilke", "M"),
    (517411,"Frederick","Worlock", "M"),
    (521921,"Carleton","Young", "M"),
    (545547,"Joanna","Barnes", "F"),
    (621646,"Nina","Foch", "F"),
    (653783,"Hallene","Hill", "F"),
    (664711,"Jil","Jarmyn", "F"),
    (673529,"Valley","Keene", "F"),
    (776584,"Autumn","Russell", "F"),
    (792255,"Jean (I)","Simmons", "F"),
    (804889,"Jo","Summers", "F"),
    (825612,"Louise","Vincent", "F"),
    (26023,"Antonio","Banderas", "M"),
    (36472,"Lawrence","Bender", "M"),
    (68754,"Paul","Calderon", "M"),
    (243102,"Quinn Thomas","Kellerman", "M"),
    (269386,"Marc (I)","Lawrence", "M"),
    (383529,"David","Proval", "M"),
    (408902,"Tim","Roth", "M"),
    (441448,"Paul","Skemp", "M"),
    (466585,"Quentin","Tarantino", "M"),
    (491878,"Danny","Verduzco", "M"),
    (497371,"Russell","Vossler", "M"),
    (512541,"Bruce","Willis", "M"),
    (548183,"Jennifer (I)","Beals", "F"),
    (594964,"Sammi (I)","Davis", "F"),
    (595847,"Amanda","De Cadenet", "F"),
    (635230,"Valeria","Golino", "F"),
    (639885,"Kathy","Griffin", "F"),
    (649455,"Salma","Hayek", "F"),
    (704821,"Rikee","Madoff", "F"),
    (715590,"Unruly Julie","McClean", "F"),
    (717432,"Lana","McKissack", "F"),
    (776475,"Laura (I)","Rush", "F"),
    (794051,"Ione","Skye", "F"),
    (809683,"Lili","Taylor", "F"),
    (814398,"Marisa","Tomei", "F"),
    (814439,"Tamlyn","Tomita", "F"),
    (827280,"Patricia","Vonne", "F"),
    (837678,"Alicia","Witt", "F"),
    (292028,"Michael (I)","Madsen", "M"),
    (52978,"Michael (I)","Bowen", "M"),
    (113561,"Robert","De Niro", "M"),
    (115670,"Jeffrey","Deedrick", "M"),
    (155904,"Robert (I)","Forster", "M"),
    (192290,"Sid","Haig", "M"),
    (225014,"Samuel L.","Jackson", "M"),
    (242194,"Michael","Keaton", "M"),
    (280645,"Tom 'Tiny'","Lister Jr.", "M"),
    (296441,"Gary","Mann", "M"),
    (342704,"Roy","Nesvold", "M"),
    (481295,"Chris (I)","Tucker", "M"),
    (511530,"Ellis","Williams", "M"),
    (512863,"Herbert Hans","Wilmsen", "M"),
    (534709,"Tangie","Ambrose", "F"),
    (553121,"Michelle","Berube", "F"),
    (563043,"Candice","Briere", "F"),
    (589246,"Denise","Crosby", "F"),
    (613869,"Julia","Ervin", "F"),
    (621910,"Bridget","Fonda", "F"),
    (637479,"Aimee","Graham", "F"),
    (639803,"Pam","Grier", "F"),
    (645258,"Lisa Gay","Hamilton", "F"),
    (674219,"Renee (II)","Kelly", "F"),
    (675497,"T'Keyah Crystal","Keymáh", "F"),
    (699105,"Juliet","Long", "F"),
    (700526,"Laura","Lovelace", "F"),
    (702376,"Christine","Lydon", "F"),
    (714657,"Colleen","Mayne", "F"),
    (716971,"Elizabeth","McInerney", "F"),
    (819400,"Diana","Uribe", "F"),
    (820312,"Venessia","Valentino", "F"),
    (830721,"Gillian Iliana","Waters", "F"),
    (837246,"Hattie","Winston", "F"),
    (74449,"David","Carradine", "M"),
    (84199,"Sonny","Chiba", "M"),
    (106131,"Goro","Daimon", "M"),
    (216347,"Xiaohui","Hu", "M"),
    (249940,"Kazuki","Kitamura", "M"),
    (260069,"Jun","Kunimura", "M"),
    (260427,"Michael","Kuroiwa", "M"),
    (260737,"Naomi","Kusumi", "M"),
    (280984,"Chia Hui","Liu", "M"),
    (284742,"Jonathan","Loughran", "M"),
    (299922,"Akaji","Maro", "M"),
    (319868,"Hikaru","Midorikawa", "M"),
    (330833,"Yoshiyuki","Morishita", "M"),
    (341985,"Christopher Allen","Nelson", "M"),
    (352931,"Kenji","Ohba", "M"),
    (363245,"James","Parks", "M"),
    (363257,"Michael (I)","Parks", "M"),
    (378578,"Stevo","Polyi", "M"),
    (420990,"Sakichi","Satô", "M"),
    (435415,"Tetsuro","Shimaguchi", "M"),
    (459441,"Shun","Sugata", "M"),
    (464802,"Issei","Takahashi", "M"),
    (465932,"Yoji","Tanaka", "M"),
    (519687,"Satoshi","Yamanaka", "M"),
    (525594,"Zhang Jin","Zhan", "M"),
    (606682,"Julie","Dreyfus", "F"),
    (623535,"Vivica A.","Fox", "F"),
    (626150,"Sachiko","Fujii", "F"),
    (626225,"Ronnie Yoshiko","Fujiyama", "F"),
    (646020,"Daryl","Hannah", "F"),
    (673153,"Yuki","Kazamatsuri", "F"),
    (673865,"Ambrosia","Kelley", "F"),
    (683804,"Chiaki","Kuriyama", "F"),
    (697645,"Lucy","Liu", "F"),
    (704920,"Ai (III)","Maeda", "F"),
    (706956,"Julie","Manase", "F"),
    (812916,"Uma","Thurman", "F"),
    (817238,"Shu Lan","Tuan", "F"),
    (840317,"Yoshiko","Yamaguchi", "F"),
    (43802,"Larry","Bishop", "M"),
    (88326,"William Paul","Clark", "M"),
    (127373,"Al Manuel","Douglas", "M"),
    (319795,"Clark","Middleton", "M"),
    (438134,"Jorge (II)","Silva", "M"),
    (461413,"Bo","Svenson", "M"),
    (549030,"Reda","Beebe", "F"),
    (557743,"Citlati Guadalupe","Bojorquez", "F"),
    (575732,"Laura","Cayouette", "F"),
    (589608,"Lucia","Cruz Marroquin", "F"),
    (596738,"Maria","de Lourdes Lombera", "F"),
    (599020,"Maria","Del Rosario Gutiérrez", "F"),
    (613315,"Jeannie","Epper", "F"),
    (645886,"Perla","Haney-Jardine", "F"),
    (673358,"Caitlin","Keats", "F"),
    (676314,"Helen (IV)","Kim", "F"),
    (701044,"Vicki","Lucai", "F"),
    (711529,"Veronica Janet","Martinez", "F"),
    (727540,"Stephanie L.","Moore", "F"),
    (745520,"Sonia Angelica","Padilla Curiel", "F"),
    (773694,"Thea","Rose", "F"),
    (778957,"Graciela","Salazar Mendoza", "F"),
    (791868,"Patricia","Silva", "F"),
    (795587,"Claire","Smithies", "F"),
    (800701,"Shana","Stein", "F"),
    (166978,"Allen","Garfield", "M"),
    (193995,"Craig","Hamann", "M"),
    (197619,"Al","Harrell", "M"),
    (417719,"Alan","Sanborn", "M"),
    (482416,"Rich","Turner", "M"),
    (498580,"Rowland","Wafford", "M"),
    (654019,"Brenda","Hillhouse", "F"),
    (673070,"Linda","Kaye", "F"),
    (7817,"Carl (I)","Allen", "M"),
    (17433,"Alexis","Arquette", "M"),
    (45243,"Don","Blakely", "M"),
    (65536,"Steve","Buscemi", "M"),
    (87969,"Eric (I)","Clark", "M"),
    (173104,"Michael","Gilden", "M"),
    (183894,"Peter (I)","Greene", "M"),
    (207426,"Stephen","Hibbert", "M"),
    (210153,"Jerome Patrick","Hoban", "M"),
    (242760,"Harvey","Keitel", "M"),
    (264162,"Phil","LaMarr", "M"),
    (279222,"Chandler","Lindauer", "M"),
    (362817,"Brad (I)","Parker", "M"),
    (374784,"Joseph","Pilato", "M"),
    (396528,"Ving","Rhames", "M"),
    (412573,"Robert","Ruth", "M"),
    (434562,"Sy","Sher", "M"),
    (436214,"Gary","Shorelle", "M"),
    (441022,"Emil","Sitka", "M"),
    (452838,"Burr","Steers", "M"),
    (456313,"Eric","Stoltz", "M"),
    (478676,"John","Travolta", "M"),
    (499566,"Christopher","Walken", "M"),
    (507903,"Frank","Whaley", "M"),
    (508288,"Duane","Whitaker", "M"),
    (539150,"Rosanna","Arquette", "F"),
    (596862,"Maria","de Medeiros", "F"),
    (627760,"Bronagh","Gallagher", "F"),
    (640057,"Susan","Griffiths", "F"),
    (667689,"Angela (I)","Jones", "F"),
    (694110,"Lorelei","Leslie", "F"),
    (712086,"Karen","Maruyama", "F"),
    (756056,"Amanda","Plummer", "F"),
    (782153,"Ani","Sava", "F"),
    (806043,"Julia","Sweeney", "F"),
    (25743,"Kirk","Baltz", "M"),
    (59227,"Randy (I)","Brooks", "M"),
    (63695,"Edward","Bunker", "M"),
    (97566,"Tony","Cosmo", "M"),
    (368399,"Chris (I)","Penn", "M"),
    (447813,"Michael","Sottile", "M"),
    (452774,"David (I)","Steen", "M"),
    (473634,"Lawrence","Tierney", "M"),
    (518086,"Steven (I)","Wright", "M"),
    (575999,"Suzanne","Celeste", "F"),
    (688902,"Laurie","Latham", "F"),
    (803695,"Maria","Strova", "F");



INSERT INTO directors VALUES
    (11652,"James (I)","Cameron"),
    (43095,"Stanley","Kubrick"),
    (78273,"Quentin","Tarantino");


INSERT INTO directors_genres VALUES
    (11652,"Action",0.5	),
    (11652,"Adventure",0.166667),
    (11652,"Comedy",0.0833333),
    (11652,"Documentary",0.25),
    (11652,"Drama",0.25),
    (11652,"Family",0.0833333),
    (11652,"Fantasy",0.0833333),
    (11652,"Horror",0.166667),
    (11652,"Romance",0.25),
    (11652,"Sci-Fi",0.5),
    (11652,"Short",0.25),
    (11652,"Thriller",0.416667),
    (43095,"Action",0.0625),
    (43095,"Adventure",0.0625),
    (43095,"Comedy",0.125),
    (43095,"Crime",0.1875),
    (43095,"Documentary",0.1875),
    (43095,"Drama",0.625),
    (43095,"Film-Noir",0.125),
    (43095,"Horror",0.0625),
    (43095,"Music",0.0625),
    (43095,"Mystery",0.0625),
    (43095,"Romance",0.1875),
    (43095,"Sci-Fi",0.1875),
    (43095,"Short",0.1875),
    (43095,"Thriller",0.1875),
    (43095,"War",0.375),
    (78273,"Action",0.5),
    (78273,"Comedy",0.25),
    (78273,"Crime",0.5),
    (78273,"Drama",0.75),
    (78273,"Mystery",0.125),
    (78273,"Romance",0.125),
    (78273,"Thriller",0.5),
    (78273,"War",0.125);


INSERT INTO movies VALUES
    (5306,"Abyss, The",1989,7.4),
    (10920,"Aliens",1986,8.2),
    (10934,"Aliens of the Deep",2005,6.5),
    (96779,"Earthship.TV",2001,5.6),
    (105938,"Expedition: Bismarck",2002,7.5),
    (127297,"Ghosts of the Abyss",2003,6.7),
    (256530,"Piranha Part Two: The Spawning",1981,2.8),
    (322652,"T2 3-D: Battle Across Time",1996,7.4),
    (328277,"Terminator 2: Judgment Day",1991,8.1),
    (328285,"Terminator, The",1984,7.9),
    (333856,"Titanic",1997,6.9),
    (340799,"True Lies",1994,7),
    (369522,"Xenogenesis",1978,3.9),
    (385710,"Dark Angel",2000,7.4),
    (1711,"2001: A Space Odyssey",1968,8.3),
    (30431,"Barry Lyndon",1975,7.9),
    (65764,"Clockwork Orange, A",1971,8.3),
    (79846,"Day of the Fight",1951,6.3),
    (92616,"Dr. Strangelove or: How I Learned to Stop Worrying and Love the Bomb",1964,8.7),
    (106666,"Eyes Wide Shut",1999,7),
    (110246,"Fear and Desire",1953,6.1),
    (116239,"Flying Padre",1951,5.9),
    (121538,"Full Metal Jacket",1987,8.2),
    (176891,"Killer's Kiss",1955,6.6),
    (177019,"Killing, The",1956,8.1),
    (193519,"Lolita",1962,7.6),
    (250612,"Paths of Glory",1957,8.6),
    (291833,"Seafarers, The",1953,6.3),
    (299073,"Shining, The",1980,8.2),
    (310455,"Spartacus",1960,8),
    (118367,"Four Rooms",1995,5.9),
    (159665,"Inglorious Bastards",2006,8.3),
    (164572,"Jackie Brown",1997,7.5),
    (176711,"Kill Bill: Vol. 1",2003,8.4),
    (176712,"Kill Bill: Vol. 2",2004,8.2),
    (223710,"My Best Friend's Birthday",1987,3.9),
    (267038,"Pulp Fiction",1994,8.7),
    (276217,"Reservoir Dogs",1992,8.3),
    (387728,"ER",1994,7.7),
    (393538,"Jimmy Kimmel Live!",2003,6.7);


INSERT INTO movies_directors VALUES
    (11652,5306),
    (11652,10920),
    (11652,10934),
    (11652,96779),
    (11652,105938),
    (11652,127297),
    (11652,256530),
    (11652,322652),
    (11652,328277),
    (11652,328285),
    (11652,333856),
    (11652,340799),
    (11652,369522),
    (11652,385710),
    (43095,1711),
    (43095,30431),
    (43095,65764),
    (43095,79846),
    (43095,92616),
    (43095,106666),
    (43095,110246),
    (43095,116239),
    (43095,121538),
    (43095,176891),
    (43095,177019),
    (43095,193519),
    (43095,250612),
    (43095,291833),
    (43095,299073),
    (43095,310455),
    (78273,118367),
    (78273,159665),
    (78273,164572),
    (78273,176711),
    (78273,176712),
    (78273,223710),
    (78273,267038),
    (78273,276217),
    (78273,387728),
    (78273,393538);


INSERT INTO movies_genres VALUES
    (5306,"Action"),
    (5306,"Adventure"),
    (5306,"Drama"),
    (5306,"Sci-Fi"),
    (5306,"Thriller"),
    (10920,"Action"),
    (10920,"Horror"),
    (10920,"Sci-Fi"),
    (10920,"Thriller"),
    (10934,"Documentary"),
    (105938,"Documentary"),
    (127297,"Documentary"),
    (127297,"Family"),
    (127297,"Short"),
    (256530,"Horror"),
    (256530,"Romance"),
    (256530,"Sci-Fi"),
    (322652,"Action"),
    (322652,"Sci-Fi"),
    (322652,"Short"),
    (328277,"Action"),
    (328277,"Drama"),
    (328277,"Sci-Fi"),
    (328277,"Thriller"),
    (328285,"Action"),
    (328285,"Sci-Fi"),
    (328285,"Thriller"),
    (333856,"Drama"),
    (333856,"Romance"),
    (340799,"Action"),
    (340799,"Adventure"),
    (340799,"Comedy"),
    (340799,"Romance"),
    (340799,"Thriller"),
    (369522,"Fantasy"),
    (369522,"Short"),
    (1711,"Adventure"),
    (1711,"Sci-Fi"),
    (30431,"Drama"),
    (30431,"Romance"),
    (30431,"War"),
    (65764,"Crime"),
    (65764,"Drama"),
    (65764,"Music"),
    (65764,"Sci-Fi"),
    (79846,"Documentary"),
    (79846,"Short"),
    (92616,"Comedy"),
    (92616,"Sci-Fi"),
    (92616,"War"),
    (106666,"Drama"),
    (106666,"Mystery"),
    (106666,"Thriller"),
    (110246,"Drama"),
    (110246,"War"),
    (116239,"Documentary"),
    (116239,"Short"),
    (121538,"Drama"),
    (121538,"War"),
    (176891,"Crime"),
    (176891,"Drama"),
    (176891,"Film-Noir"),
    (177019,"Crime"),
    (177019,"Drama"),
    (177019,"Film-Noir"),
    (177019,"Thriller"),
    (193519,"Comedy"),
    (193519,"Drama"),
    (193519,"Romance"),
    (250612,"Drama"),
    (250612,"War"),
    (291833,"Documentary"),
    (291833,"Short"),
    (299073,"Horror"),
    (299073,"Thriller"),
    (310455,"Action"),
    (310455,"Drama"),
    (310455,"Romance"),
    (310455,"War"),
    (118367,"Comedy"),
    (118367,"Drama"),
    (159665,"Action"),
    (159665,"Drama"),
    (159665,"War"),
    (164572,"Crime"),
    (164572,"Drama"),
    (164572,"Thriller"),
    (176711,"Action"),
    (176711,"Crime"),
    (176711,"Thriller"),
    (176712,"Action"),
    (176712,"Drama"),
    (176712,"Romance"),
    (176712,"Thriller"),
    (223710,"Comedy"),
    (223710,"Drama"),
    (267038,"Crime"),
    (267038,"Drama"),
    (276217,"Action"),
    (276217,"Crime"),
    (276217,"Mystery"),
    (276217,"Thriller");


INSERT INTO roles VALUES
    (10963,5306,"Truck Driver"	),
    (32638,5306,"Barnes"	),
    (33949,5306,"Jammer Willis"	),
    (42278,5306,"Lt. Hiram Coffey"	),
    (57051,5306,"Lew Finler"	),
    (64610,5306,"Catfish De Vries"	),
    (69977,5306,"Sailor with the fire extingui"	),
    (70419,5306,"DeMarco"	),
    (81503,5306,"Dr. Berg"	),
    (108530,5306,"USS Montana Crewman"	),
    (130508,5306,"Construction Worker"	),
    (138073,5306,"Bendix"	),
    (145064,5306,"Anchorman"	),
    (181264,5306,"Alan 'Hippy' Carnes"	),
    (197929,5306,"Virgil 'Bud' Brigman"	),
    (223068,5306,"Wave Reporter"	),
    (228850,5306,"Gerard Kirkhill, Benthick Pet"	),
    (250810,5306,"Wilhite"	),
    (281620,5306,"USS Montana Navigator"	),
    (334067,5306,"Anchorman #2"	),
    (335612,5306,"Schoenick, SEAL Team Member"	),
    (341916,5306,"Ensign Monk, SEAL Team Member"	),
    (342314,5306,"USS Montana Crewman"	),
    (386373,5306,"Arliss 'Sonny' Dawson"	),
    (391009,5306,"USS Montana Captain"	),
    (459752,5306,"USS Montana Executive Officer"	),
    (502273,5306,"Dwight Perry"	),
    (504906,5306,"Leland McBride"	),
    (514734,5306,"Bill Tyler, Reporter"	),
    (589318,5306,"Young Woman"	),
    (636502,5306,"Anchorwoman"	),
    (712889,5306,"Lindsey Brigman"	),
    (785706,5306,"Lisa 'One Night' Standing"	),
    (840493,5306,"Woman Reporter"	),
    (16844,10920,"Lydecker"	),
    (36641,10920,"Russ Jorden"	),
    (42278,10920,"Cpl. Dwayne Hicks"	),
    (144260,10920,"Doctor"	),
    (204493,10920,"Timmy Jorden"	),
    (204719,10920,"Bishop"	),
    (213646,10920,"Lt. Gorman"	),
    (240277,10920,"Pvt. Spunkmeyer"	),
    (272557,10920,"Power Loader Operator"	),
    (305705,10920,"Sgt. Apone"	),
    (306790,10920,"Van Leuwen"	),
    (310030,10920,"Al Simpson, Colony Officer"	),
    (366173,10920,"Private Hudson"	),
    (378476,10920,"Insurance Man"	),
    (394516,10920,"Carter Burke"	),
    (405572,10920,"Pvt. Drake"	),
    (408215,10920,"Pvt. Frost"	),
    (452549,10920,"Pvt. Wierzbowski"	),
    (474375,10920,"Pvt. Crowe"	),
    (476429,10920,"Alien Warrior"	),
    (583693,10920,"Cocooned Woman"	),
    (583735,10920,"ECA Representative"	),
    (596318,10920,"Ann Jorden"	),
    (635153,10920,"Pvt. Vasquez"	),
    (651551,10920,"Rebecca 'Newt' Jorden"	),
    (653997,10920,"Cpl. Mira Ferro"	),
    (661430,10920,"Amanda Ripley"	),
    (748340,10920,"Med Tech"	),
    (785581,10920,"Cpl. Dietrich"	),
    (831289,10920,"Ellen Ripley"	),
    (69940,10934,"Himself"	),
    (69940,105938,"Himself"	),
    (128257,105938,"Karl Kuhn"	),
    (137802,105938,"Adm. Günther Lütjens"	),
    (185164,105938,"Burkard von Müllenheim-Rechbe"	),
    (204719,105938,"Narrator"	),
    (232844,105938,"Young Karl Kuhn"	),
    (259373,105938,"Himself"	),
    (285456,105938,"Walter Weintz"	),
    (428322,105938,"Adjutant"	),
    (432055,105938,"Young Heinz Steeg"	),
    (452552,105938,"Himself"	),
    (460992,105938,"Young Walter Weintz"	),
    (505504,105938,"Himself"	),
    (518333,105938,"Heinz Steeg"	),
    (933,127297,"Himself"	),
    (16963,127297,"1st Officer Murdoch"	),
    (24256,127297,"2nd Officer Lightoller"	),
    (24288,127297,"Harold Bride"	),
    (58357,127297,"Himself"	),
    (61439,127297,"Himself"	),
    (69940,127297,"Himself"	),
    (69977,127297,"Himself"	),
    (83459,127297,"Himself"	),
    (126295,127297,"Captain Smith"	),
    (152244,127297,"Fred Fleet"	),
    (188927,127297,"Madeleine Astor"	),
    (227895,127297,"Himself"	),
    (247406,127297,"Poker player"	),
    (271226,127297,"Himself"	),
    (288312,127297,"Thomas Andrews"	),
    (300455,127297,"J. Bruce Ismay"	),
    (346051,127297,"Himself"	),
    (358828,127297,"Himself"	),
    (365476,127297,"Himself"	),
    (366173,127297,"Himself"	),
    (367826,127297,"Himself"	),
    (414913,127297,"Himself"	),
    (424651,127297,"Himself"	),
    (433468,127297,"John 'Jack' Phillips"	),
    (510823,127297,"Quartermaster Hitchens"	),
    (523925,127297,"John Jacob Astor"	),
    (649578,127297,NULL),
    (667425,127297,"Herself"	),
    (758870,127297,"Molly Brown"	),
    (768452,127297,"Elizabeth Lines"	),
    (794639,127297,"Herself"	),
    (809044,127297,"Edith Russell"	),
    (819988,127297,"Helen Churchill Candee"	),
    (57051,256530,"Lou"	),
    (91252,256530,"Ralph"	),
    (116418,256530,"Randy"	),
    (129406,256530,"Frank"	),
    (175604,256530,"Gabby"	),
    (176935,256530,"Chris Kimbrough"	),
    (204719,256530,"Steve Kimbrough, St. Anns Pol"	),
    (223545,256530,"Waiter"	),
    (258459,256530,"Ron the Lifeguard"	),
    (297529,256530,"Tyler Sherman, Biochemist"	),
    (359763,256530,"Robert Haywood"	),
    (388685,256530,"Randy's Son"	),
    (398113,256530,"Raoul, Hotel Manager"	),
    (407927,256530,"Mal"	),
    (418091,256530,"Leo Bell D.D.S."	),
    (508939,256530,"Dumont"	),
    (521874,256530,"Aaron"	),
    (551641,256530,"Beverly"	),
    (590307,256530,"April"	),
    (594608,256530,"Jai"	),
    (638349,256530,"Allison Dumont"	),
    (643627,256530,"Loretta"	),
    (705207,256530,"Myrna"	),
    (707687,256530,"Lisa"	),
    (741046,256530,"Anne Kimbrough"	),
    (756625,256530,"Mrs.Wilson"	),
    (767575,256530,"Cindy"	),
    (832066,256530,"Randy's Wife"	),
    (42278,322652,"Kyle Reese"	),
    (47595,322652,"Dr. Peter Silberman"	),
    (103007,322652,"Cyberdyne Video Narrator"	),
    (162232,322652,"John Connor"	),
    (257870,322652,"Cyberdyne Video Host"	),
    (364956,322652,"T-1000"	),
    (426628,322652,"The Terminator"	),
    (645256,322652,"Sarah Connor"	),
    (450,328277,"Infant John Connor"	),
    (17037,328277,"Future Coda man"	),
    (39044,328277,"Todd Voight"	),
    (39129,328277,"Bryant"	),
    (42278,328277,"Kyle Reese (Ultimate Edition)"	),
    (47595,328277,"Dr. Peter Silberman"	),
    (59799,328277,"Tattooed biker"	),
    (82660,328277,"Kid"	),
    (95086,328277,"Tim"	),
    (135826,328277,"Old John Connor"	),
    (137207,328277,"Gibbons"	),
    (142921,328277,"Tanker truck driver"	),
    (162232,328277,"John Connor"	),
    (172134,328277,"Douglas"	),
    (187569,328277,"Enrique Salceda"	),
    (233988,328277,"Pickup truck driver"	),
    (255881,328277,"SWAT team leader"	),
    (263765,328277,"Mossberg"	),
    (269396,328277,"Burly attendant"	),
    (279903,328277,"Cyberdyne tech"	),
    (284866,328277,"Kid"	),
    (288301,328277,"Attendant"	),
    (310084,328277,"Cop"	),
    (332070,328277,"Dr. Miles Bennett Dyson"	),
    (336379,328277,"Moshier"	),
    (346378,328277,"Danny Dyson"	),
    (347730,328277,"SWAT team leader"	),
    (360529,328277,"Jock"	),
    (364956,328277,"T-1000"	),
    (374220,328277,"Burly attendant"	),
    (425673,328277,"Lloyd"	),
    (426628,328277,"The Terminator (T-800 Model 1"	),
    (433531,328277,"Cyberdyne tech"	),
    (439561,328277,"Vault guard"	),
    (451689,328277,"T-1000 Lewis"	),
    (451692,328277,"Lewis (guard)"	),
    (465636,328277,"Police 'copter pilot"	),
    (493307,328277,"Weatherby"	),
    (510502,328277,"Trucker"	),
    (511606,328277,"Jock"	),
    (514131,328277,"Cigar-smoking biker"	),
    (514734,328277,"Galleria photographer"	),
    (522268,328277,"Pool-cue biker"	),
    (563244,328277,"Girl"	),
    (588077,328277,"Girl"	),
    (597793,328277,"Gwen (night nurse)"	),
    (608796,328277,"Blythe Dyson (Ultimate Editio"	),
    (614721,328277,"Hospital guard"	),
    (620255,328277,"Roadside Woman (Ultimate Edit"	),
    (635153,328277,"Janelle Voight"	),
    (645152,328277,"T-1000 Sarah"	),
    (645256,328277,"Sarah Connor"	),
    (720259,328277,"Tarissa Dyson"	),
    (771500,328277,"Jolanda Salceda"	),
    (828805,328277,"Sarah's granddaughter (Ultima"	),
    (42278,328285,"Kyle Reese"	),
    (47595,328285,"Dr. Peter Silberman"	),
    (58045,328285,"Biker at Phone Booth"	),
    (92891,328285,"Future Terminator"	),
    (124873,328285,"Cop in Alley"	),
    (132356,328285,"Sentry"	),
    (145064,328285,"TV Anchorman"	),
    (145889,328285,"Customer"	),
    (160251,328285,"Cleaning Man at Flophouse"	),
    (160622,328285,"Policeman"	),
    (179526,328285,"Mexican Boy (long shots)"	),
    (204719,328285,"Detective Vukovich"	),
    (236878,328285,"Customer"	),
    (245075,328285,"Desk Sergeant"	),
    (321383,328285,"Pawnshop Clerk"	),
    (323583,328285,"Gas Station Attendant"	),
    (331400,328285,"Customer"	),
    (351978,328285,"Policeman"	),
    (366173,328285,"Punk Leader"	),
    (374217,328285,"Tanker Partner"	),
    (375423,328285,"Bar Customer"	),
    (388681,328285,"Customer"	),
    (392215,328285,"Punk"	),
    (398193,328285,"Bartender"	),
    (401041,328285,"Tiki Motel Customer"	),
    (408622,328285,"Matt Buchanan"	),
    (426628,328285,"The Terminator"	),
    (456639,328285,"Tanker Driver"	),
    (472024,328285,"Punk"	),
    (480252,328285,"Mexican Boy (close-ups)"	),
    (511368,328285,"Truck Driver"	),
    (512349,328285,"Reporter"	),
    (513935,328285,"Lieutenant Ed Traxler"	),
    (514734,328285,"Policeman"	),
    (519450,328285,"Derelict in Alley"	),
    (624665,328285,"Customer"	),
    (645256,328285,"Sarah Connor"	),
    (659683,328285,"TV Anchorwoman"	),
    (718489,328285,"Customer"	),
    (730105,328285,"Ginger Ventura"	),
    (730692,328285,"Wrong Sarah"	),
    (758221,328285,"Ticket Taker at Club Technoir"	),
    (783346,328285,"Nancy"	),
    (933,333856,"Lewis Bodine"	),
    (2898,333856,"Slovakian three-year-old boy"	),
    (11865,333856,"Lookout Fredrick Fleet"	),
    (12043,333856,"Steerage dancer"	),
    (18638,333856,"Carpenter John Hutchinson"	),
    (29603,333856,"Tommy Ryan"	),
    (54608,333856,"Col. John Jacob Astor IV"	),
    (57665,333856,"Quartermaster Robert Hitchens"	),
    (66328,333856,"Musician/baker"	),
    (66776,333856,"Stairwell steward"	),
    (69940,333856,"Cameo appearance (steerage da"	),
    (70744,333856,"Second-class man"	),
    (72215,333856,"Steward #4"	),
    (76228,333856,"Bobby Buell"	),
    (76443,333856,"Steerage dancer"	),
    (76653,333856,"Hold steward #1"	),
    (81499,333856,"Chief Officer Henry T. Wilde"	),
    (93883,333856,"Scotland Road steward"	),
    (95037,333856,"Chief Marconi Officer Jack Ph"	),
    (99597,333856,"Victor Giglio"	),
    (99941,333856,"Fourth Officer Joseph Boxhall"	),
    (101233,333856,"Crewman"	),
    (118569,333856,"Praying man"	),
    (121758,333856,"Jack Dawson"	),
    (125676,333856,"Master at Arms Joseph Bailey"	),
    (130426,333856,"Pubkeeper"	),
    (134352,333856,"Lookout Reginald Lee"	),
    (138312,333856,"Carpathia steward"	),
    (140049,333856,"Benjamin Guggenheim"	),
    (142962,333856,"Wallace Hartley"	),
    (144555,333856,"Olaus Gunderson"	),
    (153207,333856,"Sixth Officer James Moody"	),
    (155472,333856,"Chief Engineer Joseph Bell"	),
    (155930,333856,"Steerage dancer"	),
    (156939,333856,"Col. Archibald Gracie"	),
    (157096,333856,"Steward #1"	),
    (157680,333856,"Syrian man"	),
    (162721,333856,"Orchestra member"	),
    (165721,333856,"Thomas Andrews"	),
    (167468,333856,"Titanic porter"	),
    (172669,333856,"Orchestra member"	),
    (181486,333856,"Quartermaster George Rowe"	),
    (186652,333856,"Fifth Officer Harold Godfrey "	),
    (199768,333856,"Orchestra member"	),
    (205287,333856,"Hold steward #2"	),
    (208287,333856,"Capt. Edward J. Smith"	),
    (209729,333856,"Steerage dancer"	),
    (211832,333856,"Olaf Dahl"	),
    (216473,333856,"Slovakian father"	),
    (219643,333856,"J. Bruce Ismay"	),
    (226351,333856,"First-class steward"	),
    (227836,333856,"Sir Cosmo Duff-Gordon"	),
    (230528,333856,"'Safe' Bellboy"	),
    (243306,333856,"Assistant Marconi Wireless Op"	),
    (244575,333856,"Deckhand"	),
    (248904,333856,"Bjorn Gunderson"	),
    (263645,333856,"Promenade Deck steward"	),
    (264813,333856,"Father Thomas Byles"	),
    (270444,333856,"Leading Fireman Fredrick Barr"	),
    (279903,333856,"Chinese man"	),
    (283561,333856,"Steerage band member"	),
    (288312,333856,"Frederick Spedden"	),
    (301563,333856,"Rescue boat crewman"	),
    (307547,333856,"Steerage dancer"	),
    (313916,333856,"Steward #2"	),
    (335829,333856,"Steerage band member"	),
    (342443,333856,"Elevator operator"	),
    (348858,333856,"Fabrizio De Rossi"	),
    (351253,333856,"Engine Room Crew"	),
    (354484,333856,"Olaf"	),
    (358426,333856,"Steward #3"	),
    (359448,333856,"Steward Barnes"	),
    (360793,333856,"Isidor Straus"	),
    (366173,333856,"Brock Lovett"	),
    (372149,333856,"Sven"	),
    (373241,333856,"Second Officer Charles Herber"	),
    (414913,333856,"Anatoly Milkailavich"	),
    (444656,333856,"First-class young man"	),
    (455151,333856,"First Officer William McMaste"	),
    (462918,333856,"Orchestra member"	),
    (462919,333856,"Orchestra member"	),
    (468177,333856,"Bert Cartmell"	),
    (471961,333856,"Little Irish boy"	),
    (480062,333856,"Drowning man"	),
    (480247,333856,"Yaley"	),
    (481840,333856,"Chief Baker Charles Joughin"	),
    (482854,333856,"Steerage band member"	),
    (484826,333856,"Man in water"	),
    (497962,333856,"Man being combed for lice"	),
    (499298,333856,"First-class husband"	),
    (500666,333856,"Irish man"	),
    (502344,333856,"Spicer Lovejoy"	),
    (505031,333856,"Steerage band member"	),
    (513645,333856,"First-class waiter"	),
    (524132,333856,"Caledon 'Cal' Hockley"	),
    (534915,333856,"Lizzy Calvert"	),
    (541702,333856,"Lady Lucille Duff-Gordon"	),
    (547276,333856,"Steerage dancer"	),
    (547303,333856,"Margaret 'Molly' Brown"	),
    (560216,333856,"Woman in life boat"	),
    (560719,333856,"First-class woman"	),
    (562717,333856,"Mme. Leontine Pauline Aubart"	),
    (578075,333856,"Madeleine Astor"	),
    (608339,333856,"Woman in water"	),
    (620301,333856,"Ruth DeWitt Bukater"	),
    (621016,333856,"Steerage dancer"	),
    (627384,333856,"Trudy Bolt"	),
    (629712,333856,"Young female first-class pass"	),
    (629713,333856,"Older female second-class pas"	),
    (635153,333856,"Irish mother"	),
    (653279,333856,"Steerage dancer"	),
    (659281,333856,"Steerage band member"	),
    (675117,333856,"Third-class woman"	),
    (678541,333856,"Mother at stern"	),
    (687048,333856,"Little Irish girl"	),
    (709423,333856,"Syrian woman"	),
    (728576,333856,"Reporter"	),
    (740170,333856,"Frozen woman with baby"	),
    (741046,333856,"Woman"	),
    (744930,333856,"Helga Dahl"	),
    (745079,333856,"Cora Cartmell"	),
    (758870,333856,"Praying woman"	),
    (763718,333856,"Steerage dancer"	),
    (763862,333856,"Rosalie Ida Strauss"	),
    (766230,333856,"Steerage dancer"	),
    (773658,333856,"Lucy Noel Martha Dyer-Edwards"	),
    (803835,333856,"Rose Dawson Calvert (Old Rose"	),
    (827985,333856,"Cal's crying girl"	),
    (827986,333856,"Cal's crying girl"	),
    (837199,333856,"Rose DeWitt Bukater"	),
    (4961,340799,"Jihad cameraman"	),
    (7991,340799,"Colonel"	),
    (17191,340799,"Albert Gibson"	),
    (29743,340799,"Old guy in bathroom"	),
    (61439,340799,"Custodian"	),
    (69977,340799,"Citation pilot"	),
    (99596,340799,"Samir"	),
    (127182,340799,"Harrier pilot"	),
    (163705,340799,"Lead terrorist"	),
    (206867,340799,"Faisil"	),
    (207002,340799,"Spencer Trilby"	),
    (220569,340799,"High-rise terrorist"	),
    (223068,340799,"Reporter at high rise"	),
    (258898,340799,"Juno's chauffeur"	),
    (294609,340799,"Salim Abu Aziz"	),
    (295961,340799,"Jamal Khaled"	),
    (298368,340799,"Bread van terrorist #1"	),
    (346027,340799,"Subway customer"	),
    (362022,340799,"Jean-Claude"	),
    (362418,340799,"French chef"	),
    (366173,340799,"Simon"	),
    (370282,340799,"Bass player"	),
    (373813,340799,"Man in hotel lobby"	),
    (391197,340799,"Boathouse guard"	),
    (416883,340799,"Bread van terroist #2"	),
    (417399,340799,"Yusif"	),
    (426628,340799,"Harry Tasker"	),
    (465636,340799,"Helicopter pilot"	),
    (573294,340799,"Juno Skinner"	),
    (577530,340799,"Allison"	),
    (590629,340799,"Helen Tasker"	),
    (598141,340799,"Swiss Aristocrat"	),
    (608999,340799,"Dana Tasker"	),
    (729268,340799,"Janice"	),
    (839732,340799,"Charlene"	),
    (514734,369522,"Raj"	),
    (819133,369522,"Laurie"	),
    (10651,1711,"Interviewer"	),
    (18544,1711,"Ape"	),
    (33046,1711,"Dr. Rolf Halvorsen"	),
    (33492,1711,"Astronaut"	),
    (35269,1711,"Ape"	),
    (43766,1711,"Aries 1B Lunar shuttle captai"	),
    (81735,1711,"Ape"	),
    (89366,1711,"TMA-1 site technician #2"	),
    (110691,1711,"Ape"	),
    (110901,1711,"Ape"	),
    (117597,1711,"Ape"	),
    (130668,1711,"Ape"	),
    (130919,1711,"Dr. Dave Bowman"	),
    (152930,1711,"Ape"	),
    (172616,1711,"Poole's father"	),
    (186410,1711,"Ape"	),
    (200989,1711,"Ape"	),
    (209041,1711,"Ape"	),
    (225060,1711,"Ape"	),
    (234019,1711,"Ape"	),
    (244025,1711,"BBC-12 announcer"	),
    (282170,1711,"Dr. Frank Poole"	),
    (285138,1711,"Ape"	),
    (290958,1711,"Ape"	),
    (297912,1711,"Ape"	),
    (321439,1711,"Mission controller"	),
    (359269,1711,"Ape"	),
    (388177,1711,"HAL 9000"	),
    (393452,1711,"Ape"	),
    (398261,1711,"Moonwatcher"	),
    (408577,1711,"Dr. Andrei Smyslov"	),
    (427619,1711,"Miller"	),
    (459935,1711,"Dr. Bill Michaels"	),
    (462236,1711,"TMA-1 site technician #1"	),
    (462532,1711,"Dr. Heywood R. Floyd"	),
    (481290,1711,"TMA-1 site photographer"	),
    (500110,1711,"Ape"	),
    (507612,1711,"Astronaut"	),
    (513676,1711,"Ape"	),
    (517018,1711,"Ape that gets killed"	),
    (556737,1711,NULL),
    (559266,1711,NULL),
    (561464,1711,"Stewardess"	),
    (573464,1711,"Stewardess"	),
    (589087,1711,NULL),
    (606054,1711,"Stewardess"	),
    (623949,1711,NULL),
    (633066,1711,"Poole's mother"	),
    (649736,1711,NULL),
    (683135,1711,"Squirt (Floyd's daughter)"	),
    (709642,1711,NULL),
    (710214,1711,"Russian scientist"	),
    (735076,1711,NULL),
    (750078,1711,NULL),
    (750089,1711,NULL),
    (818459,1711,"Elena"	),
    (39086,30431,"Lord Ludd"	),
    (43127,30431,"Recruiting soldier"	),
    (50074,30431,"King George III"	),
    (53692,30431,"Seamus Feeny (Capt. Feeny's s"	),
    (78776,30431,"Lt. Jonathan Fakenham"	),
    (79048,30431,"Sir Richard (Lord Bullingdon'"	),
    (82337,30431,"Dr. Broughton (Lyndon family "	),
    (110921,30431,NULL),
    (111031,30431,NULL),
    (205176,30431,NULL),
    (206431,30431,NULL),
    (213908,30431,"Narrator"	),
    (224581,30431,NULL),
    (236863,30431,"Prince of Tübingen"	),
    (258862,30431,"Capt. Potzdorf (nephew of Pru"	),
    (263045,30431,NULL),
    (292390,30431,"The Chevalier de Balibari (Ba"	),
    (307261,30431,"Col. Bulow"	),
    (315871,30431,"Rev. Samuel Runt"	),
    (318503,30431,NULL),
    (319779,30431,"Sir Charles Reginald Lyndon ("	),
    (329794,30431,"Lord Gustavos Adolphus Wendov"	),
    (330937,30431,"Bryan Patrick Lyndon"	),
    (351264,30431,"Barry Lyndon/Redmond Barry/Lt"	),
    (351681,30431,"Capt. Feeny (the highwayman)"	),
    (386178,30431,"Capt. Grogan"	),
    (392783,30431,NULL),
    (400860,30431,"Toole"	),
    (408577,30431,"Capt. John Quinn (Kiwangen Re"	),
    (421372,30431,"Young Bullingdon"	),
    (423761,30431,NULL),
    (431642,30431,"Barry's second in the final d"	),
    (433046,30431,"Lord Hallam (barrister)"	),
    (433086,30431,"Doolan"	),
    (449193,30431,NULL),
    (456570,30431,"Graham (Lady's Lyndon's secre"	),
    (459849,30431,NULL),
    (467844,30431,"Barry's fight second."	),
    (477807,30431,NULL),
    (495397,30431,"Lord Bullingdon"	),
    (551488,30431,"Lady Lyndon, Countess of Lynd"	),
    (645202,30431,"Nora Brady (Barry's cousin/Mr"	),
    (673249,30431,"Belle (Barry's mother)"	),
    (683135,30431,"Guest at Nora and Capt. Quinn"	),
    (684623,30431,"Lischen (the German girl)"	),
    (31234,65764,"Chief guard"	),
    (39086,65764,"Det. Const. Tom"	),
    (65405,65764,NULL),
    (70489,65764,"Police inspector"	),
    (73946,65764,"Detective sergeant"	),
    (88544,65764,"Dim"	),
    (89519,65764,"Stage actor"	),
    (93696,65764,"Billy Boy (gang leader)"	),
    (95089,65764,NULL),
    (130329,65764,"Dr. Brodsky"	),
    (145816,65764,"Tramp"	),
    (157057,65764,"Desk sergeant"	),
    (157573,65764,"Lodger"	),
    (180761,65764,"Prison governor"	),
    (208928,65764,"Himself (accompanies Hitler)"	),
    (209799,65764,"Himself (at SA rally, from T."	),
    (218405,65764,"Doctor"	),
    (287974,65764,"Himself (accompanies Hitler)"	),
    (292390,65764,"Mr. Alexander"	),
    (298288,65764,"Georgie"	),
    (310213,65764,"Alexander 'Alex' de Large"	),
    (331189,65764,"Mr. P. R. Deltoid"	),
    (350799,65764,"Bootick clerk"	),
    (383596,65764,"Julian (Frank Alexander's bod"	),
    (386178,65764,"Prison chaplain"	),
    (400860,65764,"Milkbar Bouncer"	),
    (421615,65764,"Conspirator"	),
    (433046,65764,"Minister"	),
    (456570,65764,"Dad"	),
    (466779,65764,"Pete"	),
    (513394,65764,"Prison check-in officer"	),
    (529804,65764,"Handmaiden in Bible fantasy)"	),
    (564580,65764,"Sophisto (in the Korova Milkb"	),
    (577143,65764,"Handmaiden in Bible fantasy)"	),
    (586737,65764,"Mrs. Alexander"	),
    (606245,65764,"Handmaiden in Bible fantasy"	),
    (606720,65764,"Nurse Feeley"	),
    (640907,65764,"Rape victim in film"	),
    (654069,65764,"Sonietta"	),
    (663573,65764,"Victim of Billy Boy's gang"	),
    (671758,65764,"Catlady (Miss Weathers)"	),
    (764299,65764,"Mum"	),
    (777198,65764,"Dr. Branom"	),
    (785548,65764,"Marty"	),
    (809779,65764,"Psychiatrist"	),
    (818459,65764,"Conspirator"	),
    (833428,65764,"Stage actress"	),
    (839709,65764,"Girl in ascot fantasy"	),
    (75587,79846,"Himself (Walter's twin brothe"	),
    (75588,79846,"Himself"	),
    (135670,79846,"Narrator"	),
    (152958,79846,"Himself (boxing historian)"	),
    (226249,79846,"Himself (Walter's opponent)"	),
    (259066,79846,"Himself (man at ringside with"	),
    (440126,79846,"Himself (man at ringside with"	),
    (792995,79846,"Herself (female fan in crowd)"	),
    (33492,92616,"Lt. W.D. Kivel"	),
    (40172,92616,"Lt. H.R. Dietrich"	),
    (63409,92616,"Russian Ambassador Alexi de S"	),
    (100404,92616,"Mr. Staines"	),
    (164035,92616,"Burpelson AFB Defense Team me"	),
    (201256,92616,"Brig. Gen. Jack D. Ripper"	),
    (205401,92616,"Burpelson AFB Defense Team me"	),
    (233082,92616,"Lt. Lothar Zogg"	),
    (308556,92616,"Burpelson AFB Defense Team me"	),
    (351321,92616,"Adm. Randolph"	),
    (373935,92616,"Maj. T.J. 'King' Kong"	),
    (399367,92616,"Capt. G.A. 'Ace' Owens"	),
    (427460,92616,"Gen. 'Buck' Turgidson"	),
    (429719,92616,"Group Captain (G/C) Lionel Ma"	),
    (453983,92616,"Frank"	),
    (465553,92616,"Lt. B. Goldberg"	),
    (466257,92616,"Gen. Faceman"	),
    (518686,92616,"Col. 'Bat' Guano"	),
    (764987,92616,"Miss Foreign Affairs"	),
    (13279,106666,"Masked party principal"	),
    (37627,106666,"Bandleader"	),
    (88365,106666,"Rowdy college kid"	),
    (93702,106666,"Lou Nathanson"	),
    (94781,106666,"Tall butler"	),
    (101879,106666,"Dr. William 'Bill' Harford"	),
    (102958,106666,"Desk clerk"	),
    (104692,106666,"Man at newsstand"	),
    (109877,106666,"Stalker"	),
    (114088,106666,"Masked party principal"	),
    (117903,106666,"Masked party principal"	),
    (119566,106666,"Masked party principal"	),
    (127583,106666,"Cab driver"	),
    (127777,106666,"Ziegler's secretary"	),
    (131110,106666,"Sandor Szavost"	),
    (142332,106666,"Morgue orderly"	),
    (149979,106666,"Nick Nightingale"	),
    (172461,106666,"Carl"	),
    (175890,106666,"Naval officer"	),
    (176266,106666,"Masked party principal"	),
    (205014,106666,"Masked party principal"	),
    (210176,106666,"Boy in examination room"	),
    (220892,106666,"Japanese man #1"	),
    (260733,106666,"Japanese man #2"	),
    (277792,106666,"Rowdy college kid"	),
    (290708,106666,"Gateman #1"	),
    (362250,106666,"Rowdy college kid"	),
    (365531,106666,"Harris"	),
    (370217,106666,"Rowdy college kid"	),
    (378271,106666,"Victor Ziegler"	),
    (384073,106666,"Masked party principal"	),
    (405530,106666,"Rowdy college kid"	),
    (430641,106666,"Mr. Milich"	),
    (448978,106666,"Masked party principal"	),
    (472331,106666,"Masked party principal"	),
    (478574,106666,"Masked party principal"	),
    (479388,106666,"Masked party principal"	),
    (495397,106666,"Red cloak"	),
    (508334,106666,"Rowdy college kid"	),
    (513864,106666,"Maître d' - Café Sonata"	),
    (539877,106666,"Masked party principal"	),
    (573883,106666,NULL),
    (577756,106666,"Masked party principal"	),
    (594783,106666,"Amanda 'Mandy' Curran"	),
    (602507,106666,"Masked party principal"	),
    (604337,106666,"Girl at Sharky's"	),
    (611037,106666,"Helena Harford"	),
    (615217,106666,"Masked buxom girl"	),
    (616025,106666,"Masked party principal"	),
    (617848,106666,"Masked party principal"	),
    (619666,106666,"Masked party principal"	),
    (635912,106666,"Mysterious woman/Masked party"	),
    (645973,106666,"Coffee shop manager"	),
    (649487,106666,"Hospital receptionist"	),
    (650090,106666,"Masked party principal"	),
    (653067,106666,"Rosa"	),
    (675927,106666,"Alice Harford"	),
    (683132,106666,"Woman sitting behind Dr. Harf"	),
    (683134,106666,"Mother of boy in examination "	),
    (693690,106666,"Lisa"	),
    (700691,106666,"Illona"	),
    (709994,106666,"Waitress at Gillespie's"	),
    (712865,106666,"Sally"	),
    (757084,106666,"Masked party principal"	),
    (761200,106666,"Masked party principal"	),
    (768088,106666,"Marion"	),
    (782497,106666,"Roz"	),
    (788960,106666,"Masked party principal"	),
    (789192,106666,"Domino"	),
    (796007,106666,"Milich's daughter"	),
    (809699,106666,"Gayle"	),
    (812607,106666,"Nuala"	),
    (833537,106666,"Masked party principal"	),
    (7872,110246,"Narrator"	),
    (91059,110246,"Pvt. Fletcher (aide-de-camp)"	),
    (197444,110246,"Lt. Corby/enemy general"	),
    (307631,110246,"Pvt. Sidney"	),
    (438416,110246,"Sgt. Mac"	),
    (692929,110246,"Young Girl"	),
    (209787,116239,"Narrator"	),
    (450798,116239,"The Reverend (Himself)"	),
    (2397,121538,"Marine"	),
    (5871,121538,"Marine"	),
    (11483,121538,"Marine"	),
    (23587,121538,"Marine"	),
    (25000,121538,"Animal Mother"	),
    (28036,121538,"Marine"	),
    (33920,121538,"Marine"	),
    (37048,121538,"Marine"	),
    (46980,121538,"Poge Colonel"	),
    (51909,121538,"Marine"	),
    (65610,121538,"Marine"	),
    (73009,121538,"Marine"	),
    (82885,121538,"Marine"	),
    (84498,121538,"Chili"	),
    (88311,121538,"Marine"	),
    (91262,121538,"Doorgunner"	),
    (96626,121538,"Marine"	),
    (96627,121538,"Marine"	),
    (103836,121538,"Marine"	),
    (104783,121538,"Hand Job"	),
    (105163,121538,"Pvt. Pyle/Leonard Lawrence"	),
    (109795,121538,"Marine"	),
    (110386,121538,"Marine"	),
    (111143,121538,"Marine"	),
    (131274,121538,"Marine"	),
    (135439,121538,"Snowball"	),
    (138603,121538,"Marine"	),
    (138841,121538,"Marine"	),
    (140869,121538,"Gunnery Sgt. Hartman"	),
    (154493,121538,"Marine"	),
    (157531,121538,"ARVN pimp"	),
    (158116,121538,"Marine"	),
    (170357,121538,"Marine"	),
    (178992,121538,"Marine"	),
    (180610,121538,"Marine"	),
    (192157,121538,"Marine"	),
    (195193,121538,"Marine"	),
    (196997,121538,"Eightball"	),
    (197859,121538,"Marine"	),
    (198687,121538,"Marine"	),
    (198727,121538,"Marine"	),
    (201301,121538,"Marine"	),
    (201490,121538,"Marine"	),
    (201936,121538,"Marine"	),
    (202517,121538,"Marine"	),
    (204833,121538,"Marine"	),
    (210579,121538,"Daddy D.A."	),
    (211209,121538,"Marine"	),
    (211245,121538,"Marine"	),
    (211261,121538,"Marine"	),
    (215357,121538,"Pvt. Cowboy"	),
    (215534,121538,"Rafterman"	),
    (215643,121538,"Marine"	),
    (216936,121538,"Marine"	),
    (228364,121538,"Crazy Earl"	),
    (254447,121538,"Stork"	),
    (259066,121538,"Murphy"	),
    (264558,121538,"Marine"	),
    (265128,121538,"Marine"	),
    (272581,121538,"Marine"	),
    (283927,121538,"T.H.E. Rock"	),
    (284721,121538,"Marine"	),
    (285408,121538,"Marine"	),
    (307000,121538,"Marine"	),
    (308458,121538,"Marine"	),
    (317493,121538,"TV journalist"	),
    (318493,121538,"Marine"	),
    (319786,121538,"Marine"	),
    (322263,121538,"Donlon"	),
    (322448,121538,"Marine"	),
    (323110,121538,"Marine"	),
    (323111,121538,"Marine"	),
    (325263,121538,"Pvt. Joker"	),
    (331636,121538,"Marine"	),
    (332927,121538,"Marine"	),
    (342634,121538,"Marine"	),
    (344407,121538,"Marine"	),
    (348031,121538,"Daytona Dave"	),
    (351565,121538,"Lt. Touchdown/Walter J. Schin"	),
    (360186,121538,"Mass Grave soldier"	),
    (370184,121538,"Marine"	),
    (373513,121538,"Camera thief"	),
    (406269,121538,"Marine"	),
    (418550,121538,"Marine"	),
    (420532,121538,"Marine"	),
    (439592,121538,"Marine"	),
    (442258,121538,"Marine"	),
    (443772,121538,"Marine"	),
    (444548,121538,"Marine"	),
    (444747,121538,"Marine"	),
    (450874,121538,"Doc Jay"	),
    (458996,121538,"Marine"	),
    (464072,121538,"Dead N.V.A."	),
    (468001,121538,"Payback"	),
    (469867,121538,"Lt. Lockhart"	),
    (472006,121538,"Marine"	),
    (482081,121538,"Marine"	),
    (482993,121538,"Lt. Cleves"	),
    (506029,121538,"Marine"	),
    (506265,121538,"Marine"	),
    (511949,121538,"Marine"	),
    (513249,121538,"Marine"	),
    (515954,121538,"Marine"	),
    (635367,121538,"Marine"	),
    (656446,121538,"Motorbike hooker"	),
    (683135,121538,"News camera operator at mass "	),
    (690482,121538,"V.C sniper"	),
    (796984,121538,"Da Nang hooker"	),
    (2753,176891,"Mannequin factory owner"	),
    (107156,176891,"Gangster"	),
    (147229,176891,NULL),
    (162007,176891,NULL),
    (227733,176891,"Albert (the fight manager)"	),
    (350108,176891,NULL),
    (355874,176891,"Gangster"	),
    (401685,176891,"Gangster"	),
    (410475,176891,"Conventioneer"	),
    (438416,176891,"Vincent Rapallo"	),
    (443960,176891,"Davy Gordon"	),
    (454948,176891,"Gangster"	),
    (490228,176891,"Conventioneer"	),
    (561594,176891,NULL),
    (670943,176891,"Gloria Price"	),
    (796029,176891,"Ballerina/Iris"	),
    (2949,177019,"Leo the Loanshark"	),
    (36662,177019,"First Airline Clerk"	),
    (71122,177019,"Plainclothesman at Airport"	),
    (73002,177019,"Nikki Arcane"	),
    (94748,177019,"George Peatty"	),
    (112053,177019,"Randy Kennan"	),
    (135744,177019,"Track Parking Attendant"	),
    (135921,177019,"Val Cannon"	),
    (138317,177019,"Guard"	),
    (153433,177019,"Marvin Unger"	),
    (173683,177019,"Narrator"	),
    (179947,177019,"Track Guard slugged by Johnny"	),
    (185181,177019,"Mr. Grimes"	),
    (201256,177019,"Johnny Clay"	),
    (261145,177019,"Maurice Oboukhoff"	),
    (324376,177019,"Ron, Airline Clerk"	),
    (328560,177019,"Race Track P.A. Announcer"	),
    (393428,177019,"Bill, Track Employee in Locke"	),
    (397677,177019,"Track Employee in Locker Room"	),
    (421893,177019,"Mike O'Reilly"	),
    (482105,177019,"Tiny"	),
    (497834,177019,"Joe, Motel Owner"	),
    (512106,177019,"Plainclothesman at Airport"	),
    (530012,177019,"Ruthie O'Reilly"	),
    (573511,177019,"Woman asking Kennan for Help"	),
    (612055,177019,"Lady with Small Dog"	),
    (638426,177019,"Fay"	),
    (836963,177019,"Sherry Peatty"	),
    (7976,193519,"Hospital attendant"	),
    (43766,193519,"Ambulance attendant"	),
    (55062,193519,"Bill Crest (Schiller's neighb"	),
    (90262,193519,"Richard T. 'Dick' Schiller"	),
    (103985,193519,"Himself - as Dr. Frankenstein"	),
    (133423,193519,"Frederick Beale Sr."	),
    (183776,193519,"George Swine (hotel night man"	),
    (198438,193519,"Tom"	),
    (247182,193519,"Man"	),
    (265390,193519,"Roy (football player)"	),
    (271543,193519,"Himself - as Frankenstein's C"	),
    (279385,193519,"Dr. Keegee (at hospital)"	),
    (293607,193519,"Charlie Sedgewick (son of Cam"	),
    (303906,193519,"Prof. Humbert Humbert/Narrato"	),
    (358119,193519,"Kenny Oberton (Lolita's boyfr"	),
    (417404,193519,"Rex (football player)"	),
    (429719,193519,"Clare Quilty (TV writer)/Dr. "	),
    (457044,193519,"John Farlow (Ramsdale lawyer)"	),
    (502490,193519,"Potts (hotel assistant manage"	),
    (598240,193519,"Jean Farlow"	),
    (605798,193519,"Mrs. Starch (piano teacher in"	),
    (632299,193519,"Mona Farlow"	),
    (655488,193519,"Miss Fromkiss (hospital recep"	),
    (701079,193519,"Louise (Haze's maid)"	),
    (702877,193519,"Dolores 'Lolita' Haze/Mrs. Ri"	),
    (713189,193519,"Miss Lebone (Humbert's next-d"	),
    (714240,193519,"Nurse Mary Lore"	),
    (790816,193519,"Lorna"	),
    (802676,193519,"Vivian Darkbloom"	),
    (837410,193519,"Charlotte Haze/Humbert"	),
    (11822,250612,"Maj. Saint-Auban"	),
    (35214,250612,"Shell-shock victim"	),
    (36638,250612,"Capt. Nichols (artillery spot"	),
    (57565,250612,"Capt. Sancy"	),
    (67337,250612,"Maj. Gouderc"	),
    (71871,250612,"Narrator of opening sequence/"	),
    (73002,250612,"Pvt. Maurice Ferol"	),
    (121723,250612,"Pvt. Lejeune"	),
    (127515,250612,"Col. Dax"	),
    (159149,250612,"Sgt. Boulanger"	),
    (160330,250612,"Col. De Guerville"	),
    (196132,250612,"Doctor"	),
    (198005,250612,"Private in the attack"	),
    (200578,250612,"Proprietor of cafe"	),
    (256772,250612,"K.P."	),
    (291501,250612,"Gen. Paul Mireau"	),
    (314498,250612,"Cpl. Philip Paris"	),
    (316559,250612,"Gen. George Broulard"	),
    (318477,250612,"Father Dupree"	),
    (328569,250612,"Capt. Renouart"	),
    (331537,250612,"Lt. Roget/Singing man"	),
    (388222,250612,"Pvt. Duval"	),
    (453199,250612,"Capt. Rousseau (Battery Comma"	),
    (482105,250612,"Pvt. Pierre Arnaud"	),
    (485541,250612,"Cafe owner"	),
    (683132,250612,"German singer"	),
    (211966,291833,"Narrator"	),
    (32161,299073,"Forest Ranger #1"	),
    (65437,299073,"Larry Durkin"	),
    (101532,299073,"Dick Hallorann"	),
    (118569,299073,"Bill Watson"	),
    (168964,299073,"Injured guest"	),
    (281601,299073,"Danny Torrance"	),
    (341935,299073,"Stuart Ullman"	),
    (344454,299073,"Jack Torrance"	),
    (392853,299073,"Forest Ranger #2"	),
    (456570,299073,"Delbert Grady"	),
    (481290,299073,"Policeman"	),
    (482105,299073,"Lloyd, Overlook bartender"	),
    (549455,299073,"Young woman in bath"	),
    (567465,299073,"Grady daughter"	),
    (567466,299073,"Grady daughter"	),
    (583685,299073,"Suzie (Mr. Ulman's secretary)"	),
    (609183,299073,"Wendy Torrance"	),
    (632333,299073,"Old woman in bath"	),
    (662905,299073,"Doctor"	),
    (683135,299073,"Smoking guest on ballroom cou"	),
    (747261,299073,"Nurse"	),
    (753642,299073,"Receptionist"	),
    (789514,299073,"Stewardess"	),
    (31073,310455,"Legionnaire"	),
    (44648,310455,"Prisoner"	),
    (54507,310455,"Soldier"	),
    (58391,310455,"Ramon (Batiatus' Greek accoun"	),
    (63265,310455,"Gladiator"	),
    (64809,310455,"Pirate"	),
    (64945,310455,"Fimbria (pigeon vendor)"	),
    (71744,310455,"Soldier"	),
    (71745,310455,"Soldier"	),
    (73734,310455,"Gladiator"	),
    (98633,310455,"Soldier"	),
    (100988,310455,"Guard"	),
    (103906,310455,"Antoninus"	),
    (106501,310455,"Marcus Publius Glabrus"	),
    (112053,310455,"Legionnaire"	),
    (113277,310455,"Majordomo"	),
    (118675,310455,"Dionysius"	),
    (127515,310455,"Spartacus"	),
    (131290,310455,"Beheaded man"	),
    (139557,310455,NULL),
    (145612,310455,NULL),
    (168813,310455,"Julius Caesar"	),
    (175059,310455,"Pirate"	),
    (179004,310455,"Slave"	),
    (179947,310455,"Slave leader"	),
    (185181,310455,"Otho"	),
    (199295,310455,"Slave"	),
    (201016,310455,"Marius"	),
    (201022,310455,"Metallius"	),
    (201721,310455,"Soldier"	),
    (214562,310455,"Slave leader"	),
    (216081,310455,"Caius"	),
    (222590,310455,"Crixus"	),
    (248067,310455,"Crassus' standard-bearer)"	),
    (258492,310455,"Pirate"	),
    (264368,310455,"Gannicus"	),
    (268316,310455,"Sempronius Gracchus"	),
    (282409,310455,"Guard"	),
    (282811,310455,"Tigranes Levantus (pirate env"	),
    (287067,310455,"Symmachus"	),
    (288617,310455,"Soldier"	),
    (311083,310455,"Marcellus (Batiatus' chief tr"	),
    (324189,310455,NULL),
    (330244,310455,"Galeno (paired with Crixus)"	),
    (330245,310455,"Bit part"	),
    (354242,310455,"Marcus Licinius Crassus"	),
    (362896,310455,"Slave"	),
    (363632,310455,"Guard"	),
    (363813,310455,"Gladiator"	),
    (368411,310455,"Garrison officer"	),
    (369626,310455,"Slave leader"	),
    (370058,310455,"Narrator"	),
    (388308,310455,"Soldier"	),
    (401160,310455,"Slave"	),
    (402707,310455,"Pirate"	),
    (421223,310455,"Soldier"	),
    (422745,310455,"Soldier"	),
    (428306,310455,"Gladiator"	),
    (452742,310455,"Gladiator"	),
    (454955,310455,"Legionnaire"	),
    (456479,310455,"David (Jewish gladiator)"	),
    (458043,310455,"Draba (Ethiopian gladiator)"	),
    (469772,310455,"Bit part"	),
    (485123,310455,"Lentulus Batiatus"	),
    (488449,310455,"Trainer"	),
    (510708,310455,"Guard captain"	),
    (517411,310455,"Laelius (patrician senator)"	),
    (521921,310455,"Herald"	),
    (545547,310455,"Claudia Marius"	),
    (621646,310455,"Helena Glabrus"	),
    (653783,310455,"Beggar woman"	),
    (664711,310455,"Julia (slave woman of Gracchu"	),
    (673529,310455,"Soldier"	),
    (776584,310455,"Slave girl"	),
    (792255,310455,"Varinia"	),
    (804889,310455,"Slave girl"	),
    (825612,310455,"Slave at Gracchus' home"	),
    (26023,118367,"Man (segment Misbehavers, Th"	),
    (36472,118367,"Long Hair Yuppy Scum"	),
    (68754,118367,"Norman (segment Man from Hol"	),
    (243102,118367,"Baby Bellhop"	),
    (269386,118367,"Sam the Bellhop"	),
    (383529,118367,"Sigfried (segment The Wrong "	),
    (408902,118367,"Ted the Bellhop"	),
    (441448,118367,"Real Theodore"	),
    (466585,118367,"Chester (segment The Man fro"	),
    (491878,118367,"Juancho (segment The Misbeha"	),
    (497371,118367,"Extra"	),
    (512541,118367,"Leo (segment The Man from Ho"	),
    (548183,118367,"Angela"	),
    (594964,118367,"Jezebel (segment The Missing"	),
    (595847,118367,"Diana (segment The Missing I"	),
    (635230,118367,"Athena (segment The Missing "	),
    (639885,118367,"Betty"	),
    (649455,118367,"TV Dancing Girl"	),
    (704821,118367,"Elspeth (segment The Missing"	),
    (715590,118367,"Left Redhead"	),
    (717432,118367,"Sarah (segment The Misbehave"	),
    (776475,118367,"Right Redhead"	),
    (794051,118367,"Eva (segment The Missing Ing"	),
    (809683,118367,"Raven (segment The Missing I"	),
    (814398,118367,"Margaret"	),
    (814439,118367,"Wife (segment The Misbehaver"	),
    (827280,118367,"Corpse (segment The Misbehav"	),
    (837678,118367,"Kiva (segment The Missing In"	),
    (292028,159665,"Babe Buchinsky"	),
    (52978,164572,"Mark Dargus"	),
    (113561,164572,"Louis Gara"	),
    (115670,164572,"Sheriff"	),
    (155904,164572,"Max Cherry"	),
    (192290,164572,"Judge"	),
    (225014,164572,"Ordell Robbie"	),
    (242194,164572,"Ray Nicolette"	),
    (280645,164572,"Winston"	),
    (296441,164572,"The Deputy"	),
    (342704,164572,"Sheriff"	),
    (466585,164572,"Answering Machine Voice"	),
    (481295,164572,"Beaumont Livingston"	),
    (511530,164572,"Cockatoo Bartender"	),
    (512863,164572,"Sheriff"	),
    (534709,164572,"Billingsley Sales Girl #2"	),
    (553121,164572,"Chicks who Love Guns"	),
    (563043,164572,"The Deputy"	),
    (589246,164572,"Public Defender"	),
    (613869,164572,"Chicks who Love Guns"	),
    (621910,164572,"Melanie Ralston"	),
    (637479,164572,"Amy, Billingsley Sales Girl"	),
    (639803,164572,"Jackie Brown"	),
    (645258,164572,"Sheronda"	),
    (674219,164572,"Cocktail Waitress"	),
    (675497,164572,"Raynelle, Ordell's Junkie Fri"	),
    (699105,164572,"Chicks who Love Guns"	),
    (700526,164572,"Steakhouse Waitress"	),
    (702376,164572,"Chicks who Love Guns"	),
    (714657,164572,"Girl at Security Gate"	),
    (716971,164572,"Bartender at Sam's"	),
    (819400,164572,"Anita Lopez"	),
    (820312,164572,"Cabo Flight Attendant"	),
    (830721,164572,"Chicks who Love Guns"	),
    (837246,164572,"Simone"	),
    (52978,176711,"Buck"	),
    (74449,176711,"Bill"	),
    (84199,176711,"Hattori Hanzo"	),
    (106131,176711,"Boss Honda"	),
    (216347,176711,"Young 88 (Spanked Boy)"	),
    (249940,176711,"Crazy 88 #2"	),
    (260069,176711,"Boss Tanaka"	),
    (260427,176711,"Crazy 88 Fighter"	),
    (260737,176711,"Boss Matsumoto (anime sequenc"	),
    (280984,176711,"Johnny Mo"	),
    (284742,176711,"Trucker"	),
    (292028,176711,"Budd"	),
    (299922,176711,"Boss Ozawah"	),
    (319868,176711,"Pretty Riki (anime sequence)"	),
    (330833,176711,"Tokyo Business Man"	),
    (341985,176711,"The Groom"	),
    (352931,176711,"Bald Guy (Sushi Shop)"	),
    (363245,176711,"Edgar McGraw"	),
    (363257,176711,"Earl McGraw"	),
    (378578,176711,"Tim"	),
    (420990,176711,"Charlie Brown"	),
    (435415,176711,"Crazy 88 #1 (Miki)"	),
    (459441,176711,"Boss Benta"	),
    (464802,176711,"Crazy 88 #4"	),
    (465932,176711,"Crazy 88 #3"	),
    (519687,176711,"Crazy 88 #5"	),
    (525594,176711,"Boss Orgami"	),
    (606682,176711,"Sofie Fatale"	),
    (623535,176711,"Vernita Green"	),
    (626150,176711,"The 5, 6, 7, 8's"	),
    (626225,176711,"The 5, 6, 7, 8's"	),
    (646020,176711,"Elle Driver"	),
    (673153,176711,"Proprietor"	),
    (673865,176711,"Nikki Bell"	),
    (683804,176711,"Gogo Yubari"	),
    (697645,176711,"O-Ren Ishii"	),
    (704920,176711,"O-Ren (anime sequence)"	),
    (706956,176711,"Crazy 88 #6 (Girl)"	),
    (812916,176711,"The Bride"	),
    (817238,176711,"Okinawa Airline Ticket Agent"	),
    (840317,176711,"The 5, 6, 7, 8's"	),
    (43802,176712,"Larry Gomez"	),
    (74449,176712,"Bill AKA Snake Charmer"	),
    (88326,176712,"Soda Jerk"	),
    (127373,176712,"Marty Kitrosser"	),
    (192290,176712,"Jay"	),
    (225014,176712,"Rufus"	),
    (280984,176712,"Pai Mei"	),
    (292028,176712,"Budd (Sidewinder)"	),
    (319795,176712,"Ernie"	),
    (341985,176712,"Tommy Plympton"	),
    (363257,176712,"Esteban Vihaio"	),
    (378578,176712,"Tim"	),
    (438134,176712,"Bartender/Pimp"	),
    (461413,176712,"Reverend Harmony"	),
    (549030,176712,"Lucky"	),
    (557743,176712,"Hooker #6"	),
    (575732,176712,"Rocket"	),
    (589608,176712,"Hooker #5"	),
    (596738,176712,"Hooker #8"	),
    (599020,176712,"Hooker #2"	),
    (613315,176712,"Mrs. Harmony"	),
    (623535,176712,"Vernita Green (Copperhead)"	),
    (645886,176712,"B.B."	),
    (646020,176712,"Elle Driver (California Mount"	),
    (673358,176712,"Janeen"	),
    (676314,176712,"Karen"	),
    (697645,176712,"O-Ren Ishii (Cottonmouth)"	),
    (701044,176712,"Trixie"	),
    (711529,176712,"Hooker #4"	),
    (727540,176712,"Joleen"	),
    (745520,176712,"Hooker #3"	),
    (773694,176712,"Melanie Harrhouse"	),
    (778957,176712,"Hooker #7"	),
    (791868,176712,"Hooker #1"	),
    (795587,176712,"Clarita"	),
    (800701,176712,"Erica"	),
    (812916,176712,"The Bride/Beatrix Kiddo (Blac"	),
    (820312,176712,"1st Grade Teacher"	),
    (166978,223710,"Entertainment Magnate"	),
    (193995,223710,"Mickey Burnett"	),
    (197619,223710,"Clifford"	),
    (378578,223710,"Deejay"	),
    (417719,223710,"Nutmeg, Radio Station Recepti"	),
    (466585,223710,"Clarence Pool"	),
    (482416,223710,"Oliver Brandon"	),
    (498580,223710,"Lenny Otis"	),
    (654019,223710,"Wife"	),
    (673070,223710,"Ex-Girlfriend"	),
    (7817,267038,"Dead Floyd Wilson"	),
    (17433,267038,"Man #4"	),
    (36472,267038,"Long-Hair Yuppie Scum/Zorro"	),
    (45243,267038,"Wilson's trainer"	),
    (65536,267038,"Buddy Holly"	),
    (68754,267038,"Paul"	),
    (87969,267038,"James Dean"	),
    (173104,267038,"Phillip Morris page"	),
    (183894,267038,"Zed"	),
    (207426,267038,"The Gimp"	),
    (210153,267038,"Ed Sullivan"	),
    (225014,267038,"Jules Winnfield"	),
    (242760,267038,"Winston 'The Wolf' Wolfe"	),
    (264162,267038,"Marvin"	),
    (279222,267038,"Young Butch"	),
    (321383,267038,"Monster Joe"	),
    (362817,267038,"Jerry Lewis"	),
    (374784,267038,"Dean Martin"	),
    (396528,267038,"Marsellus Wallace"	),
    (408902,267038,"Pumpkin (Ringo)"	),
    (412573,267038,"Sportscaster #1/Coffee shop"	),
    (434562,267038,"Klondike"	),
    (436214,267038,"Ricky Nelson"	),
    (441022,267038,"Hold Hands You Lovebirds"	),
    (452838,267038,"Roger"	),
    (456313,267038,"Lance"	),
    (466585,267038,"Jimmie Dimmick"	),
    (478676,267038,"Vincent Vega"	),
    (482416,267038,"Sportscaster #2"	),
    (499566,267038,"Capt. Koons"	),
    (507903,267038,"Brett"	),
    (508288,267038,"Maynard"	),
    (512541,267038,"Butch Coolidge"	),
    (539150,267038,"Jody"	),
    (596862,267038,"Fabienne"	),
    (627760,267038,"Trudi"	),
    (639885,267038,"Herself"	),
    (640057,267038,"Marilyn Monroe"	),
    (654019,267038,"Butch's mother"	),
    (667689,267038,"Esmarelda Villalobos"	),
    (673070,267038,"Shot woman"	),
    (694110,267038,"Mamie van Doren"	),
    (700526,267038,"Waitress"	),
    (712086,267038,"Gawker #1"	),
    (756056,267038,"Honey Bunny (Yolanda)"	),
    (782153,267038,"Woman in bathroom"	),
    (806043,267038,"Raquel"	),
    (812916,267038,"Mia Wallace"	),
    (820312,267038,"Pedestrian/Bonnie Dimmick"	),
    (25743,276217,"Marvin Nash"	),
    (36472,276217,"Young cop (also radio play ba"	),
    (59227,276217,"Holdaway"	),
    (63695,276217,"Mr. Blue"	),
    (65536,276217,"Mr. Pink"	),
    (97566,276217,"Sheriff #3"	),
    (193995,276217,"Radio play background voice"	),
    (242760,276217,"Mr. White/Larry Dimmick"	),
    (292028,276217,"Mr. Blonde/Vic Vega"	),
    (368399,276217,"Nice Guy Eddie Cabot"	),
    (378578,276217,"Sheriff #4"	),
    (408902,276217,"Mr. Orange/Freddy Newandyke"	),
    (412573,276217,"Shot cop"	),
    (447813,276217,"Teddy"	),
    (452774,276217,"Sheriff #2"	),
    (452838,276217,"Radio play background voice"	),
    (466585,276217,"Mr. Brown"	),
    (473634,276217,"Joe Cabot"	),
    (482416,276217,"Sheriff #1"	),
    (498580,276217,"Diner patron"	),
    (518086,276217,"K-Billy DJ"	),
    (575999,276217,"Shot woman"	),
    (673070,276217,"Shocked woman"	),
    (688902,276217,"Radio play background voice"	),
    (803695,276217,"Radio play background voice"	);
